,product,icon,hangye1,yewu,province,lunci,jieduan,money,time,detail,investor_info,heat_num
0,陆芯电子,https://qmp.oss-cn-beijing.aliyuncs.com/uploadImg/202001/product5e1122e6c47fd188067096.png?x-oss-process=style%2Fsmall&OSSAccessKeyId=LTAI2SRf7Sf1P5bU&Expires=1623570417&Signature=0vzffCzQJIZeouT2rGV0eVPb%2B48%3D,生产制造,功率半导体器件研发商,上海市,,C轮,未披露,2021.05.14,http://vip.qimingpian.com/#/detailcom?src=magic&ticket=401b7e0ddc9a5dbfbe037937d74f8d1b&id=219c2ea28a527ab348a16ef4fdc86804,"[{'investor': '国投创业', 'detail': 'http://vip.qimingpian.com/#/detailorg?src=magic&ticket=5b7544a14f0855faa9e21bec12afc25d&id=af23bdc88b074b662631c6f09314d549', 'invest_type_name': '领投', 'invest_type': '1'}, {'investor': '思源电气', 'detail': 'http://vip.qimingpian.com/#/detailorg?src=magic&ticket=60a2b8c534c85cbe8ec8d14f30c06529&id=ac3d1617108e1652e4540bfaf513d958', 'invest_type_name': '跟投', 'invest_type': '2'}, {'investor': '富海中小企业发展基金', 'detail': 'http://vip.qimingpian.com/#/detailorg?src=magic&ticket=c6874d80f4345f95a59b3028a9489452&id=9ad5f6adec3ceb01b173005f55c1e7a3', 'invest_type_name': '跟投', 'invest_type': '2'}]",7
1,北辰青年,https://img1.qimingpian.cn/uploadImg/202105/609e208b6530b.png,社交社区,青年文化社交平台,广东省,,战略融资,千万级人民币,2021.05.14,http://vip.qimingpian.com/#/detailcom?src=magic&ticket=659f4311d04856b1a570ed6469014699&id=292cc72429adf63156f54eee8c1f7052,"[{'investor': '电声股份', 'detail': 'http://vip.qimingpian.com/#/detailcom?src=magic&ticket=a5e0a07d3014572f8027cb8820482e61&id=1d1ee1de58890a580510369e69f4def9', 'invest_type_name': '独投', 'invest_type': '4'}]",8
2,火山湖,https://qmp.oss-cn-beijing.aliyuncs.com/uploadImg/202105/product609df5c62e385361712770.png?x-oss-process=style%2Fsmall&OSSAccessKeyId=LTAI2SRf7Sf1P5bU&Expires=1623570417&Signature=VmcK4MV0UuWknVxvem6mSt%2FlMXs%3D,企业服务,SaaS产业互联网企业,上海市,,Pre-A轮,数千万人民币,2021.05.14,http://vip.qimingpian.com/#/detailcom?src=magic&ticket=5d76fe9590aa515bb943dabc5e01624a&id=8eb1bd1aec3e288249edd9f65e91554b,"[{'investor': '唐竹资本', 'detail': 'http://vip.qimingpian.com/#/detailorg?src=magic&ticket=6d2f7c6b286150bbb60cf87996d0e201&id=2601c1805545f0ec3d97c493dc0d84d8', 'invest_type_name': '独投', 'invest_type': '4'}]",56
3,博物有道,https://img1.qimingpian.cn/uploadImg/202105/609ded2ec7c02.png,社交社区,文玩艺术品私域运营服务商,浙江省,,天使轮,数千万人民币,2021.05.14,http://vip.qimingpian.com/#/detailcom?src=magic&ticket=910c2444a9615a7c8e648aaa9049058d&id=91425aed1f53081d08970f6296c04e8a,"[{'investor': '未披露', 'detail': '', 'invest_type_name': '独投', 'invest_type': '4'}]",23
4,AnimocaBrands,https://qmp.oss-cn-beijing.aliyuncs.com/uploadImg/202001/product5e132ed931893402981826.png?x-oss-process=style%2Fsmall&OSSAccessKeyId=LTAI2SRf7Sf1P5bU&Expires=1623570417&Signature=46Ju%2BnKHEAo4MqM1usa8KZJueHk%3D,游戏,手机游戏开发商,香港,,战略融资,8888.89万美元,2021.05.14,http://vip.qimingpian.com/#/detailcom?src=magic&ticket=8877626ae0ee5fed8e3a74555015c71f&id=39171fb33a076cc0e30839e4ccba0ced,"[{'investor': 'Kingsway Capital', 'detail': 'http://vip.qimingpian.com/#/detailorg?src=magic&ticket=1580c98e2d485ac3be28136468341173&id=61c1ff32fa50e62e3e10169d621cd12d', 'invest_type_name': '合投', 'invest_type': '3'}, {'investor': 'Hashkey Fintech Investment', 'detail': '', 'invest_type_name': '合投', 'invest_type': '3'}, {'investor': 'RIT Capital Partners', 'detail': 'http://vip.qimingpian.com/#/detailorg?src=magic&ticket=ba0445f2050956e3b32bc7eade130fe4&id=1ad096fc45140c1b3046d19e0205a5d0', 'invest_type_name': '合投', 'invest_type': '3'}, {'investor': '火币资本', 'detail': 'http://vip.qimingpian.com/#/detailorg?src=magic&ticket=387b27ccbf7b53998d87095885fb003c&id=18d06be57a0af81657e5af367125346b', 'invest_type_name': '合投', 'invest_type': '3'}]",21
5,咚吃,https://qmp.oss-cn-beijing.aliyuncs.com/uploadImg/202007/product5f0e5081a32c2745420000.png?x-oss-process=style%2Fsmall&OSSAccessKeyId=LTAI2SRf7Sf1P5bU&Expires=1623570417&Signature=8hVTPjyfaF%2FJjDrBHovPwIHisuo%3D,医疗健康,订阅制体重管理品牌,广东省,,A+轮,5000万人民币,2021.05.14,http://vip.qimingpian.com/#/detailcom?src=magic&ticket=67f425f90b9e5632ab646b34d051cf27&id=770d477cc59719bac64993b77fded031,"[{'investor': '三七互娱创投基金', 'detail': 'http://vip.qimingpian.com/#/detailorg?src=magic&ticket=0a774b16613956a49f53a9fd20136326&id=38b4af7f8b077b3ceaf9b22c1cf9d52a', 'invest_type_name': '独投', 'invest_type': '4'}]",71
6,SphereEx,https://qmp.oss-cn-beijing.aliyuncs.com/uploadImg/202105/product609de5648ceb4371949781.png?x-oss-process=style%2Fsmall&OSSAccessKeyId=LTAI2SRf7Sf1P5bU&Expires=1623570417&Signature=wYTzvRx%2BEoRuGTURLkJHdlqLOr0%3D,企业服务,分布式数据库中间件服务商,北京市,,天使轮,数百万美元,2021.05.14,http://vip.qimingpian.com/#/detailcom?src=magic&ticket=bd082da30a5f543c8dbfbd064f0532db&id=56edfb19cc824ee2e1394d0882a2251a,"[{'investor': '红杉中国种子基金', 'detail': 'http://vip.qimingpian.com/#/detailorg?src=magic&ticket=a44e48ec51235de2849454cff29d9732&id=7b118395b3dc904cb003aecd895be1e1', 'invest_type_name': '合投', 'invest_type': '3'}, {'investor': '初心资本', 'detail': 'http://vip.qimingpian.com/#/detailorg?src=magic&ticket=cf5e65323e90579dac99da2f26d4818d&id=249edad0cbe4061745b6b0b747e240be', 'invest_type_name': '合投', 'invest_type': '3'}]",89
7,镁佳科技,https://qmp.oss-cn-beijing.aliyuncs.com/uploadImg/202003/product5e60d27d9eae2127938770.png?x-oss-process=style%2Fsmall&OSSAccessKeyId=LTAI2SRf7Sf1P5bU&Expires=1623570417&Signature=dsXsrsdVc4qlM2qybVGDUcxCSgo%3D,汽车交通,汽车智能化零部件供应商,北京市,,战略融资,超1亿美元,2021.05.14,http://vip.qimingpian.com/#/detailcom?src=magic&ticket=f71e3046669a59b9949ad086e2ec65c1&id=a8bc56bc944a3923c8ab15942200e38a,"[{'investor': 'Transcendence Capital', 'detail': 'http://vip.qimingpian.com/#/detailorg?src=magic&ticket=7e3241ddcac355be817250b5b35cd220&id=420bf0f5dd301cc6f9866ea56e29e2bf', 'invest_type_name': '领投', 'invest_type': '1'}, {'investor': '大湾区共同家园发展基金', 'detail': 'http://vip.qimingpian.com/#/detailorg?src=magic&ticket=6971c38ae6325b8fad3bb16164f5b7b7&id=b913914b764041a7e71b9ee1c51e3578', 'invest_type_name': '跟投', 'invest_type': '2'}, {'investor': '南山资本', 'detail': 'http://vip.qimingpian.com/#/detailorg?src=magic&ticket=539342cd17cd55e686c6ebd2b5eef7ec&id=bba76b223d07b5b443d713c9ad0c34ed', 'invest_type_name': '', 'invest_type': '0'}, {'investor': '红点中国', 'detail': 'http://vip.qimingpian.com/#/detailorg?src=magic&ticket=fabc379130a053eab5e28b00d8dbe56b&id=d8d3e7e68b724bb49d7c131b89898603', 'invest_type_name': '跟投', 'invest_type': '2'}, {'investor': '山行资本', 'detail': 'http://vip.qimingpian.com/#/detailorg?src=magic&ticket=42f44cc3af065b149bcc9c3fd1a67d90&id=42c61312c40bc68059cd51035a4c1df1', 'invest_type_name': '跟投', 'invest_type': '2'}]",112
8,思柯拉特,https://qmp.oss-cn-beijing.aliyuncs.com/uploadImg/202007/product5f1a976895c78066290646.png?x-oss-process=style%2Fsmall&OSSAccessKeyId=LTAI2SRf7Sf1P5bU&Expires=1623570417&Signature=oZzpPWlUTOFzsq7Uy8rjqkp4D3k%3D,医疗健康,CT球管研发制造商,浙江省,,A轮,数千万人民币,2021.05.14,http://vip.qimingpian.com/#/detailcom?src=magic&ticket=929f87edaf9e50f6b6697cacbec5b4df&id=e2cd19f9a70422f669d0abaebf6e7954,"[{'investor': '衍盈投资', 'detail': 'http://vip.qimingpian.com/#/detailorg?src=magic&ticket=c40b42565e2e523197254aa89e60c275&id=8f378e865d2730e78c951387de697e64', 'invest_type_name': '领投', 'invest_type': '1'}, {'investor': '领复资本', 'detail': 'http://vip.qimingpian.com/#/detailorg?src=magic&ticket=b68fd70196dc5a89a521b9b99c1b8e31&id=5c0b77e8aba6bd7eff8c6a73f8c79174', 'invest_type_name': '跟投', 'invest_type': '2'}, {'investor': '东方富海', 'detail': 'http://vip.qimingpian.com/#/detailorg?src=magic&ticket=d8aa1bf221a35909aa10da635f31c841&id=13254b41c00c3a495c73d9ed1ff1acac', 'invest_type_name': '跟投', 'invest_type': '2'}]",18
9,LMK,https://qmp.oss-cn-beijing.aliyuncs.com/uploadImg/201910/product5db79f0e9948f915203994.png?x-oss-process=style%2Fsmall&OSSAccessKeyId=LTAI2SRf7Sf1P5bU&Expires=1623570417&Signature=kXIkbLA97JktznEsac6jvmvA13Y%3D,社交社区,语音社交产品研发商,浙江省,,种子轮,数百万美元,2021.05.14,http://vip.qimingpian.com/#/detailcom?src=magic&ticket=7865b9f3b72a5bcdb26915818d94cd06&id=d305744c8c5d7eeef18b18cbb0f831c6,"[{'investor': 'GGV纪源资本', 'detail': 'http://vip.qimingpian.com/#/detailorg?src=magic&ticket=c03f947873ba5122990396350304c9b3&id=0759a0ffeccffaae33e89357b0b94515', 'invest_type_name': '合投', 'invest_type': '3'}, {'investor': 'IDG资本', 'detail': 'http://vip.qimingpian.com/#/detailorg?src=magic&ticket=a8fae636163a56ad87b8ea6394b39e0c&id=8f723a76fb81fdf5d1471c6ac61cda77', 'invest_type_name': '合投', 'invest_type': '3'}]",71
10,布鲁可,https://img1.qimingpian.cn/uploadImg/202012/5fc9a198f2522.png,教育培训,全场景儿童产业服务商,上海市,,B轮,6亿人民币,2021.05.14,http://vip.qimingpian.com/#/detailcom?src=magic&ticket=dc3e68b0946c5d8ca4eda3b5017e6f74&id=75ebbdd693428d09b1456da967942dff,"[{'investor': '云锋基金', 'detail': 'http://vip.qimingpian.com/#/detailorg?src=magic&ticket=7818fc3a85735018b965418ea179c488&id=18bf99829a513fd35cbf2601641eab97', 'invest_type_name': '领投', 'invest_type': '1'}, {'investor': '君联资本', 'detail': 'http://vip.qimingpian.com/#/detailorg?src=magic&ticket=0b0ad1bf7bc45822a9b34918e931fd01&id=828161b454482ce8d67c17e76b5d0194', 'invest_type_name': '领投', 'invest_type': '1'}, {'investor': '源码资本', 'detail': 'http://vip.qimingpian.com/#/detailorg?src=magic&ticket=00a804098f0c5d118bcdb13a5700db5c&id=9e8584f3ac1bd6496efc36ed84048d79', 'invest_type_name': '跟投', 'invest_type': '2'}, {'investor': '高榕资本', 'detail': 'http://vip.qimingpian.com/#/detailorg?src=magic&ticket=fae58c4fcd0d5364b162c065438f2d90&id=49ddcd29e21427ad60e7401a70214622', 'invest_type_name': '跟投', 'invest_type': '2'}, {'investor': '浙江中网银新', 'detail': 'http://vip.qimingpian.com/#/detailorg?src=magic&ticket=6e42ae35a52859ce99db5a97f575f5c9&id=6802ecf172883f46b7c062f7f45038e3', 'invest_type_name': '', 'invest_type': '0'}]",194
11,行翼云,https://img1.qimingpian.cn/uploadImg/202104/606668ae964d6.png,企业服务,新一代原云生ERP提供商,上海市,,Pre-A轮,数千万人民币,2021.05.14,http://vip.qimingpian.com/#/detailcom?src=magic&ticket=011972dea36d5d39892728573ff7d49a&id=3812c27eb27b89be53ce406720303cdf,"[{'investor': '长禾资本', 'detail': 'http://vip.qimingpian.com/#/detailorg?src=magic&ticket=b98f8b1af78c5328b1547b6d9e36c86b&id=f3707fbbead9cd4de445204f60693415', 'invest_type_name': '独投', 'invest_type': '4'}]",65
12,暖阳医疗,https://img1.qimingpian.cn/uploadImg/202105/609dda75d83a4.png,医疗健康,神经介入治疗器械商,江苏省,,A+轮,近亿人民币,2021.05.14,http://vip.qimingpian.com/#/detailcom?src=magic&ticket=9d2eff32cf4e5122bebcf8259a150157&id=29e6282e8757b062d0bca2a8f59f8e64,"[{'investor': '沂景资本', 'detail': 'http://vip.qimingpian.com/#/detailorg?src=magic&ticket=0f3e024489e251a7b5ee933fc4b7d5db&id=8df03206c70cc6542db2b2cefe49c94e', 'invest_type_name': '领投', 'invest_type': '1'}, {'investor': '道彤投资', 'detail': 'http://vip.qimingpian.com/#/detailorg?src=magic&ticket=48391f8e115b57f08b03dc8897aeaee4&id=d74ee480bff4afaa173323b24f7f4bf2', 'invest_type_name': '跟投', 'invest_type': '2'}]",51
13,景焱智能,https://qmp.oss-cn-beijing.aliyuncs.com/uploadImg/202001/product5e0f7cd01aa12508120993.png?x-oss-process=style%2Fsmall&OSSAccessKeyId=LTAI2SRf7Sf1P5bU&Expires=1623570417&Signature=Qpd1vimsXdEOfFz%2FKj%2Fwgikp6dA%3D,生产制造,集成电路智能测试设备研发商,浙江省,,战略融资,未披露,2021.05.14,http://vip.qimingpian.com/#/detailcom?src=magic&ticket=6792a4ad86195d8ca56bdb4b4a863933&id=c2f88377eaada49cf292a074d92ded38,"[{'investor': '小米长江产业基金', 'detail': 'http://vip.qimingpian.com/#/detailorg?src=magic&ticket=6123608eef6d5a16981e6ff3eb632477&id=b951536951a027fcd585c49422a0fb40', 'invest_type_name': '合投', 'invest_type': '3'}, {'investor': '展毅投资', 'detail': 'http://vip.qimingpian.com/#/detailorg?src=magic&ticket=2c48f63c899d58979ddab4dd54d22e0b&id=ab096043de7bf62873261daf9fcb6ff4', 'invest_type_name': '合投', 'invest_type': '3'}, {'investor': '沃赋资本', 'detail': 'http://vip.qimingpian.com/#/detailorg?src=magic&ticket=4fecc78107335aa28b070ea9a7a33bd5&id=14ee3e99781b44444a516ac2283fc887', 'invest_type_name': '合投', 'invest_type': '3'}, {'investor': '中信资本', 'detail': 'http://vip.qimingpian.com/#/detailorg?src=magic&ticket=397574ef3c705f44ac8d2d592f8c545e&id=6da00ddd9f8e6d5fccfa853321bc1aff', 'invest_type_name': '合投', 'invest_type': '3'}]",11
14,锱云科技,https://qmp.oss-cn-beijing.aliyuncs.com/uploadImg/202001/product5e10a3438e39f292807307.jpg?x-oss-process=style%2Fsmall&OSSAccessKeyId=LTAI2SRf7Sf1P5bU&Expires=1623570417&Signature=8h5UU9tEzYDPk2HwvGx70aQLj7A%3D,物联网,机加工领域工业互联网解决方案,上海市,,A++轮,数千万人民币,2021.05.14,http://vip.qimingpian.com/#/detailcom?src=magic&ticket=94d4e838c7fe5855a8bddf0311df1a0d&id=bfc2dc937a740ddf38ee66fed6efa028,"[{'investor': '博世创投', 'detail': 'http://vip.qimingpian.com/#/detailorg?src=magic&ticket=90099f2d1dbc54e4bc25c46bc124a8fb&id=3d9ee412452b6ac94d98688afca288e3', 'invest_type_name': '独投', 'invest_type': '4'}]",0
15,猫星系,https://img1.qimingpian.cn/uploadImg/202105/609dc726a5f9b.png,文娱传媒,泛二次元零售品牌,广东省,,战略融资,数千万人民币,2021.05.13,http://vip.qimingpian.com/#/detailcom?src=magic&ticket=78dbe4ddf43356b3ba5d1f738a2b7e32&id=61ec8f20b0a26fa4a6fc4dfea5652028,"[{'investor': '泡泡玛特', 'detail': 'http://vip.qimingpian.com/#/detailcom?src=magic&ticket=8a22b007305f5193ba64184cbf6b9613&id=1258ff61baf00a1a88e58a66c6b2f137', 'invest_type_name': '独投', 'invest_type': '4'}]",89
16,海湾电气,https://qmp.oss-cn-beijing.aliyuncs.com/uploadImg/202001/product5e10d48dd7ff1028796787.png?x-oss-process=style%2Fsmall&OSSAccessKeyId=LTAI2SRf7Sf1P5bU&Expires=1623570417&Signature=fKqW9wpbTmIDiRzoRyfPYS5x9iY%3D,生产制造,船舶报警设备与自动控制设备研发商,江苏省,,股权转让,1.25亿人民币,2021.05.13,http://vip.qimingpian.com/#/detailcom?src=magic&ticket=9181d19fd636525691bdb9570efcaffc&id=e82d8fcdf3d38bef429da0972182a2cd,"[{'investor': '大烨智能', 'detail': 'http://vip.qimingpian.com/#/detailorg?src=magic&ticket=f962626021b75c568ac68e05dba57086&id=a60cd0d52e38b53ae867bc38833d90f2', 'invest_type_name': '独投', 'invest_type': '4'}]",25
17,云袋,https://img1.qimingpian.cn/uploadImg/202105/609cc5be73460.png,批发零售,物联网自助设备运营商,浙江省,,A+轮,7000万人民币,2021.05.13,http://vip.qimingpian.com/#/detailcom?src=magic&ticket=9569d394f3d45ce99727e443db3eb401&id=9f0711bc41d0be43207072b0550221cb,"[{'investor': '悦活星球', 'detail': '', 'invest_type_name': '独投', 'invest_type': '4'}, {'investor': '九弈互联', 'detail': '', 'invest_type_name': '独投', 'invest_type': '4'}]",27
18,科华生物,https://qmp.oss-cn-beijing.aliyuncs.com/uploadImg/202001/product5e0f450396316901965812.jpg?x-oss-process=style%2Fsmall&OSSAccessKeyId=LTAI2SRf7Sf1P5bU&Expires=1623570417&Signature=rE5H1Rjqz0S%2B5zrz6q2qPF2SPRw%3D,医疗健康,体外临床诊断用品提供商,上海市,,股权转让,19.5亿人民币,2021.05.13,http://vip.qimingpian.com/#/detailcom?src=magic&ticket=44dca010febe58e0bad7e2dc201c098c&id=0e5d70df2368ea10255896581e36e1a1,"[{'investor': '圣湘生物', 'detail': 'http://vip.qimingpian.com/#/detailcom?src=magic&ticket=aec91184a1d55373b2a47a8341d1a64a&id=5a4cdafef55e6cff32e4b24846926b0e', 'invest_type_name': '独投', 'invest_type': '4'}]",5
19,眸视科技,https://img1.qimingpian.cn/uploadImg/202105/609c95f07a446.png,先进制造,移动机器人定位研发商,北京市,,A轮,3500万人民币,2021.05.13,http://vip.qimingpian.com/#/detailcom?src=magic&ticket=1c83fa09c12052618fb3e790fbe958a6&id=8d52395eae28199b223e292865d7a57c,"[{'investor': '长鹰资本', 'detail': 'http://vip.qimingpian.com/#/detailorg?src=magic&ticket=33e46e471c995a6f8293fb954a5cf3ed&id=e4a8adb08b2fe15fc850ef9f859090ce', 'invest_type_name': '独投', 'invest_type': '4'}]",31
0,小藻科技,https://img1.qimingpian.cn/uploadImg/202105/609c9eace18ae.png,食品饮料,工业化微藻养殖加工企业,广东省,,B轮,亿元级人民币,2021.05.13,http://vip.qimingpian.com/#/detailcom?src=magic&ticket=5cd58b23343b589589c3d474b2877121&id=a7fda48a1cf0d540ac6e229ccb7b18e7,"[{'investor': '东方富海', 'detail': 'http://vip.qimingpian.com/#/detailorg?src=magic&ticket=d8aa1bf221a35909aa10da635f31c841&id=13254b41c00c3a495c73d9ed1ff1acac', 'invest_type_name': '领投', 'invest_type': '1'}, {'investor': '清控银杏', 'detail': 'http://vip.qimingpian.com/#/detailorg?src=magic&ticket=0aea25d9f805508f8d4d80fe497e29dd&id=8b2b9dd6c55f15282d7bfdcb3705567c', 'invest_type_name': '领投', 'invest_type': '1'}]",28
1,望高楼固城湖大闸蟹,https://qmp.oss-cn-beijing.aliyuncs.com/uploadImg/202105/product609c9d3c6f96e581840358.png?x-oss-process=style%2Fsmall&OSSAccessKeyId=LTAI2SRf7Sf1P5bU&Expires=1623570418&Signature=kV8mTKv5fHYEkoudrFM7O4qu8tg%3D,电子商务,大闸蟹生鲜品牌运营商,上海市,,战略融资,2亿人民币,2021.05.13,http://vip.qimingpian.com/#/detailcom?src=magic&ticket=791d3cdabb2154a2a13b165de0e628c7&id=2933033a7358d9c01462326a9e6f0d96,"[{'investor': '东莱环保', 'detail': 'http://vip.qimingpian.com/#/detailcom?src=magic&ticket=b656b4207b4e53a1a37b1c28056f46ac&id=228c3d1d016a27155166d9991d223591', 'invest_type_name': '独投', 'invest_type': '4'}]",14
2,包大师,https://qmp.oss-cn-beijing.aliyuncs.com/uploadImg/202003/product5e83358167748582853302.png?x-oss-process=style%2Fsmall&OSSAccessKeyId=LTAI2SRf7Sf1P5bU&Expires=1623570418&Signature=L6%2FQR5nc0NkRLFO6whtVrP012Ag%3D,生活服务,奢侈品养护服务平台,北京市,,B+轮,未披露,2021.05.13,http://vip.qimingpian.com/#/detailcom?src=magic&ticket=045ca82c0df055699218de8cb31ea1ec&id=2aeb201ccdaf68247f80c998f7ff9dc8,"[{'investor': '东之星投资', 'detail': 'http://vip.qimingpian.com/#/detailorg?src=magic&ticket=1f82d2b728b453019792bb7f0473ab80&id=949512c562a5c7e367c61b87a5c543c5', 'invest_type_name': '独投', 'invest_type': '4'}]",35
3,科望医药,https://qmp.oss-cn-beijing.aliyuncs.com/uploadImg/202001/product5e12a4bbba91b244753089.png?x-oss-process=style%2Fsmall&OSSAccessKeyId=LTAI2SRf7Sf1P5bU&Expires=1623570418&Signature=GUCkKlk%2B73xXRozGZoYrjGFRuYE%3D,医疗健康,抗体药物研发商,江苏省,,C轮,1.05亿美元,2021.05.13,http://vip.qimingpian.com/#/detailcom?src=magic&ticket=aabc4d2f1b255ee98a2f5db13c312718&id=1227f86af0dee500b8172d6571373800,"[{'investor': '大湾区共同家园发展基金', 'detail': 'http://vip.qimingpian.com/#/detailorg?src=magic&ticket=6971c38ae6325b8fad3bb16164f5b7b7&id=b913914b764041a7e71b9ee1c51e3578', 'invest_type_name': '领投', 'invest_type': '1'}, {'investor': 'Cormorant Asset Management', 'detail': 'http://vip.qimingpian.com/#/detailorg?src=magic&ticket=fd5298c395425486850f8c08ce999d3e&id=16c57689d62ab94dd63bb114c578d22d', 'invest_type_name': '跟投', 'invest_type': '2'}, {'investor': '麦星投资', 'detail': 'http://vip.qimingpian.com/#/detailorg?src=magic&ticket=d26a3d588c6b535fa2d877429e4a3c66&id=c858ed37c6b6e90ff4773953eb56bea2', 'invest_type_name': '跟投', 'invest_type': '2'}, {'investor': 'Superstring Capital', 'detail': 'http://vip.qimingpian.com/#/detailorg?src=magic&ticket=0d57a36034a55b0fa028ba6c136ba03d&id=f96c7656bc6bd801404e3f50dc8833e1', 'invest_type_name': '跟投', 'invest_type': '2'}, {'investor': '中信证券投资', 'detail': 'http://vip.qimingpian.com/#/detailorg?src=magic&ticket=669ea9b4366c59cd80503d064b0a92cf&id=9a9093509301abed83aa4231bb839591', 'invest_type_name': '跟投', 'invest_type': '2'}, {'investor': '乾道基金', 'detail': 'http://vip.qimingpian.com/#/detailorg?src=magic&ticket=059852f8092d5f2bade77badd5200f6a&id=fe6a46666f524f5160fdd593f09ac65b', 'invest_type_name': '跟投', 'invest_type': '2'}, {'investor': '礼来亚洲基金', 'detail': 'http://vip.qimingpian.com/#/detailorg?src=magic&ticket=e43037f2acd45ed58726a1053a50f708&id=d5628584866d7401ac5327ca81f88e39', 'invest_type_name': '跟投', 'invest_type': '2'}, {'investor': '高瓴资本', 'detail': 'http://vip.qimingpian.com/#/detailorg?src=magic&ticket=efe7eb659a765d808b17ff62f12b50ae&id=f70185edb68afb23070bf7ce281f4685', 'invest_type_name': '跟投', 'invest_type': '2'}, {'investor': '鼎晖投资', 'detail': 'http://vip.qimingpian.com/#/detailorg?src=magic&ticket=dc3e5f6c77a9508f82f4db0e5c33b373&id=645ff1ac7619c44c271e7e072a35ec35', 'invest_type_name': '跟投', 'invest_type': '2'}, {'investor': '德屹资本', 'detail': 'http://vip.qimingpian.com/#/detailorg?src=magic&ticket=8cdc6819252956ae975713cdbc50921e&id=e849f8f269bf48c31e6de7d410844d90', 'invest_type_name': '跟投', 'invest_type': '2'}, {'investor': '元禾控股', 'detail': 'http://vip.qimingpian.com/#/detailorg?src=magic&ticket=34f55f2540105ebf8610774dc29a7048&id=a03d384c7998d76cf96c901450780e43', 'invest_type_name': '跟投', 'invest_type': '2'}]",20
4,芯华章,https://img1.qimingpian.cn/uploadImg/202012/5fd0257c8f30c.png,企业服务,EDA智能工业软件及系统研发商,江苏省,,Pre-B轮,超4亿人民币,2021.05.13,http://vip.qimingpian.com/#/detailcom?src=magic&ticket=7387a4218209564b9be76c4a54e8e754&id=e0aadb83d771bef83e2384e3dd0f55a2,"[{'investor': '云锋基金', 'detail': 'http://vip.qimingpian.com/#/detailorg?src=magic&ticket=7818fc3a85735018b965418ea179c488&id=18bf99829a513fd35cbf2601641eab97', 'invest_type_name': '领投', 'invest_type': '1'}, {'investor': '经纬中国', 'detail': 'http://vip.qimingpian.com/#/detailorg?src=magic&ticket=742e103c9459538da64aa07e6be4609c&id=3a50ab9902e171c8869be338ec7affc9', 'invest_type_name': '跟投', 'invest_type': '2'}, {'investor': '普罗资本', 'detail': 'http://vip.qimingpian.com/#/detailorg?src=magic&ticket=229f7fcdbb955804a06123c005225772&id=72c339e065cb61b6663d3b57367b5900', 'invest_type_name': '跟投', 'invest_type': '2'}, {'investor': '红杉宽带', 'detail': 'http://vip.qimingpian.com/#/detailorg?src=magic&ticket=248e3f80a0c25a2fa3c5a65af90935b8&id=acc2f682be6cd7f29066ef7ee3bd4b1f', 'invest_type_name': '跟投', 'invest_type': '2'}, {'investor': '高瓴创投', 'detail': 'http://vip.qimingpian.com/#/detailorg?src=magic&ticket=af2742b715695f55aa827f8ba4fa580c&id=c2946868a0d82299e956947366e25380', 'invest_type_name': '跟投', 'invest_type': '2'}, {'investor': '高榕资本', 'detail': 'http://vip.qimingpian.com/#/detailorg?src=magic&ticket=fae58c4fcd0d5364b162c065438f2d90&id=49ddcd29e21427ad60e7401a70214622', 'invest_type_name': '跟投', 'invest_type': '2'}, {'investor': '大数长青', 'detail': 'http://vip.qimingpian.com/#/detailorg?src=magic&ticket=ff9c0bad6dae56caa77c960723228068&id=a84d85f3e1d34d3038b6c0f91cb0e6f2', 'invest_type_name': '跟投', 'invest_type': '2'}]",61
5,STEPVR,https://img1.qimingpian.cn/uploadImg/202105/609c9637e93b5.png,VR/AR,VR技术服务商,北京市,,B轮,近亿元人民币,2021.05.13,http://vip.qimingpian.com/#/detailcom?src=magic&ticket=9600db2356e85ad7ab84440b91eaac30&id=ac78359f3cad744bd772e980a46ded3e,"[{'investor': '上海国盛集团', 'detail': 'http://vip.qimingpian.com/#/detailorg?src=magic&ticket=98beef3a2cc8578f9b70c38c0fb9f721&id=88ddd77a80e5879c2306ca4e7bd2631a', 'invest_type_name': '独投', 'invest_type': '4'}, {'investor': '个人投资者', 'detail': '', 'invest_type_name': '独投', 'invest_type': '4'}, {'investor': '陈彤', 'detail': 'http://vip.qimingpian.com/#/detailperson?src=magic&ticket=62c8a092757f5110845dd7102b8e65d1&id=cdec25c6c6aa51cd077228db424fa151', 'invest_type_name': '独投', 'invest_type': '4'}]",12
6,好孕妈妈,https://img1.qimingpian.cn/uploadImg/202105/609c9619ba8a7.png,生活服务,母婴护理服务机构,北京市,,A+轮,数千万美元,2021.05.13,http://vip.qimingpian.com/#/detailcom?src=magic&ticket=5fce4a9fafd351fa932d0bd3b1bdb7ad&id=88a7d8290d63d010e4f2644aa781edc6,"[{'investor': 'IDG资本', 'detail': 'http://vip.qimingpian.com/#/detailorg?src=magic&ticket=a8fae636163a56ad87b8ea6394b39e0c&id=8f723a76fb81fdf5d1471c6ac61cda77', 'invest_type_name': '独投', 'invest_type': '4'}]",29
7,文远知行,https://qmp.oss-cn-beijing.aliyuncs.com/uploadImg/201912/product5e0ad130256e7037659192.png?x-oss-process=style%2Fsmall&OSSAccessKeyId=LTAI2SRf7Sf1P5bU&Expires=1623570418&Signature=F6rflCApbNMknixB07kjvQWUXo4%3D,汽车交通,汽车自动驾驶系统研发商,广东省,,C轮,数亿美元,2021.05.13,http://vip.qimingpian.com/#/detailcom?src=magic&ticket=77b31b82679e5bf885a1952de07b0c0e&id=339be203597075641368d4bcedd10955,"[{'investor': 'IDG资本', 'detail': 'http://vip.qimingpian.com/#/detailorg?src=magic&ticket=a8fae636163a56ad87b8ea6394b39e0c&id=8f723a76fb81fdf5d1471c6ac61cda77', 'invest_type_name': '合投', 'invest_type': '3'}, {'investor': '和创纪元投资', 'detail': 'http://vip.qimingpian.com/#/detailorg?src=magic&ticket=b74e016f76c65661b3d5bcf596d06d1c&id=546339d8cbb934ba9755f6902e9c3e89', 'invest_type_name': '合投', 'invest_type': '3'}, {'investor': '基石资本', 'detail': 'http://vip.qimingpian.com/#/detailorg?src=magic&ticket=798cf9dddc8f5dcf99ddfe42516f9b4b&id=7fae28d7966e7c8e081b354a2e677b01', 'invest_type_name': '合投', 'invest_type': '3'}, {'investor': 'Cypress Star', 'detail': '', 'invest_type_name': '合投', 'invest_type': '3'}, {'investor': '云九资本', 'detail': 'http://vip.qimingpian.com/#/detailorg?src=magic&ticket=9ddbf610439759308685661555bcd36c&id=29e126db1f91011108f90fccf685995b', 'invest_type_name': '合投', 'invest_type': '3'}, {'investor': 'K3 Ventures', 'detail': 'http://vip.qimingpian.com/#/detailorg?src=magic&ticket=aa5c39022c57548ea519b61b716d7a14&id=961ef66a7b093a71b1ab13ba307ddec7', 'invest_type_name': '合投', 'invest_type': '3'}, {'investor': 'CMC资本', 'detail': 'http://vip.qimingpian.com/#/detailorg?src=magic&ticket=f5a989a9338c5830985c49f11958aad4&id=9a872ff48ebcd3f114cc0c7a8de173a5', 'invest_type_name': '合投', 'invest_type': '3'}, {'investor': '启明创投', 'detail': 'http://vip.qimingpian.com/#/detailorg?src=magic&ticket=0774155477205eb8b2fe03391b8fb63c&id=da893648ab4e77002cfe787de44fa312', 'invest_type_name': '合投', 'invest_type': '3'}, {'investor': '瓴峰资本', 'detail': 'http://vip.qimingpian.com/#/detailorg?src=magic&ticket=269aada0f85859549eb4c6d3de0c5fd5&id=8fa17c248aba0d3a35b02384748f041a', 'invest_type_name': '合投', 'invest_type': '3'}]",30
8,虬晟光电,https://qmp.oss-cn-beijing.aliyuncs.com/uploadImg/202101/product5ff7e22485de2699389042.png?x-oss-process=style%2Fsmall&OSSAccessKeyId=LTAI2SRf7Sf1P5bU&Expires=1623570418&Signature=DHKqBdiV1YFh8Ym1sB0QZaIRTlU%3D,生产制造,LED、VFD研发商,浙江省,,股权转让,未披露,2021.05.12,http://vip.qimingpian.com/#/detailcom?src=magic&ticket=064d2f6bf84a5301b40ba6fbe4be98f5&id=4ec0a008121f0c7de8883d395823d8ff,"[{'investor': '盛洋科技', 'detail': 'http://vip.qimingpian.com/#/detailorg?src=magic&ticket=5c81c07733c75ef2b7ce41558fbc0295&id=81becfd30a9558d82e8c8717b98721ca', 'invest_type_name': '独投', 'invest_type': '4'}]",1
9,小远机器人,https://qmp.oss-cn-beijing.aliyuncs.com/uploadImg/202001/product5e12abb053d67498959135.png?x-oss-process=style%2Fsmall&OSSAccessKeyId=LTAI2SRf7Sf1P5bU&Expires=1623570418&Signature=2SvcKlYxXq8EyDJupll0mJ80fqQ%3D,人工智能,人工智能服务机器人解决方案提供商,浙江省,,A轮,数千万人民币,2021.05.12,http://vip.qimingpian.com/#/detailcom?src=magic&ticket=2dd25e3202ae53d5947a0b5fa6d4a3de&id=eeae7a42db51096aa09a789a9b1701c5,"[{'investor': '招商资本', 'detail': 'http://vip.qimingpian.com/#/detailorg?src=magic&ticket=73e002e98f0d528e9a03cdf4f2abc959&id=33d049a65a1f0590f5aab871854bc5a7', 'invest_type_name': '独投', 'invest_type': '4'}]",9
10,聚匠星辰,https://qmp.oss-cn-beijing.aliyuncs.com/uploadImg/202011/product5fac9273a9ee6618327949.png?x-oss-process=style%2Fsmall&OSSAccessKeyId=LTAI2SRf7Sf1P5bU&Expires=1623570418&Signature=08LsW7xtExmQSETFvLwDRrBnBhE%3D,文娱传媒,新零售的创新型MCN运营服务平台,浙江省,,A轮,未披露,2021.05.12,http://vip.qimingpian.com/#/detailcom?src=magic&ticket=bda5c578a7f2516897278ff6988ca993&id=7e050e3be0784720d7edfb51ffe21bb5,"[{'investor': '高榕资本', 'detail': 'http://vip.qimingpian.com/#/detailorg?src=magic&ticket=fae58c4fcd0d5364b162c065438f2d90&id=49ddcd29e21427ad60e7401a70214622', 'invest_type_name': '独投', 'invest_type': '4'}]",15
11,Zrou株肉,https://qmp.oss-cn-beijing.aliyuncs.com/uploadImg/202105/product609b7f68c322b566103292.png?x-oss-process=style%2Fsmall&OSSAccessKeyId=LTAI2SRf7Sf1P5bU&Expires=1623570418&Signature=oo60CQNpCNZMGI%2FAs86IGPJb7SQ%3D,农业,植物肉品牌,上海市,,A轮,730万美元,2021.05.12,http://vip.qimingpian.com/#/detailcom?src=magic&ticket=a09652feb1e3545eaf6add98a8ef8a98&id=0c4d9232baf0777e93e86eabe71017da,"[{'investor': 'TRIREC', 'detail': 'http://vip.qimingpian.com/#/detailorg?src=magic&ticket=927b91495c025fd590aaf6f1a09af5f6&id=d948324a7ba20ba817026e97d65e44bb', 'invest_type_name': '领投', 'invest_type': '1'}, {'investor': '个人投资者', 'detail': '', 'invest_type_name': '跟投', 'invest_type': '2'}]",8
12,Zenlayer,https://qmp.oss-cn-beijing.aliyuncs.com/uploadImg/202001/product5e0fd105e0535124550025.png?x-oss-process=style%2Fsmall&OSSAccessKeyId=LTAI2SRf7Sf1P5bU&Expires=1623570418&Signature=NZ3b4QYu86%2FwrA53LuUvWVG%2FLgg%3D,企业服务,边缘云服务提供商,上海市,,C轮,5000万美元,2021.05.12,http://vip.qimingpian.com/#/detailcom?src=magic&ticket=7402caa26da956ce800c4948fdaf9cc7&id=89990cd37ada266c978b1b74144faf2c,"[{'investor': '晨曦投资', 'detail': 'http://vip.qimingpian.com/#/detailorg?src=magic&ticket=e73cf9cd34fb5f5b8834be8cf6dcb62c&id=97bb7d9c950a436c165f12b227e4283f', 'invest_type_name': '领投', 'invest_type': '1'}, {'investor': 'Prospect Avenue Capital', 'detail': 'http://vip.qimingpian.com/#/detailorg?src=magic&ticket=2aefdfacd9bb56df9f00840112b4cb4f&id=8f3ee5a28370939a387e43fcae04d214', 'invest_type_name': '领投', 'invest_type': '1'}, {'investor': '火山石资本', 'detail': 'http://vip.qimingpian.com/#/detailorg?src=magic&ticket=4cf1a9c351a259e7a85794bfdbfdddee&id=c0842b9f52de01698ed5060af3b974bd', 'invest_type_name': '跟投', 'invest_type': '2'}]",11
13,固安捷中国,https://qmp.oss-cn-beijing.aliyuncs.com/uploadImg/202009/product5f58b5d3b7ce1172464978.png?x-oss-process=style%2Fsmall&OSSAccessKeyId=LTAI2SRf7Sf1P5bU&Expires=1623570418&Signature=MVC8%2FnDppFF56LfEnIDvXSQqchY%3D,电子商务,工业品B2B采购平台,广东省,,B轮,数亿人民币,2021.05.12,http://vip.qimingpian.com/#/detailcom?src=magic&ticket=3e4626052f515033961b9cc8bcadb08e&id=0c96157cf135f5de692af4259c79a094,"[{'investor': '方源资本', 'detail': 'http://vip.qimingpian.com/#/detailorg?src=magic&ticket=561f59f19f405a2fac6eccac1897c3f3&id=c9472a3fe4ad01602a5e3fda630a2f9a', 'invest_type_name': '领投', 'invest_type': '1'}, {'investor': '广州开发区产业基金', 'detail': 'http://vip.qimingpian.com/#/detailorg?src=magic&ticket=1730273a3a9c54f7a8b195be5879ca35&id=276d353f3b003cdbebdbb206a62a7ca0', 'invest_type_name': '跟投', 'invest_type': '2'}, {'investor': '上海华泾投资', 'detail': 'http://vip.qimingpian.com/#/detailorg?src=magic&ticket=f41ae2f438e459ec8aba943261607c21&id=8dc07bb688abec63faa36d8d1bc1472e', 'invest_type_name': '跟投', 'invest_type': '2'}, {'investor': '洪泰基金', 'detail': 'http://vip.qimingpian.com/#/detailorg?src=magic&ticket=23044136ea24552c9d88c98b129ebb9c&id=dc51f235b20f691d51a96fb56c589026', 'invest_type_name': '跟投', 'invest_type': '2'}, {'investor': '招商清控', 'detail': 'http://vip.qimingpian.com/#/detailorg?src=magic&ticket=bafb807276a75ce39a9a5a42b09f4ed8&id=33a748e5fef0ceb8bf90a3303233b24f', 'invest_type_name': '跟投', 'invest_type': '2'}]",1
14,DataCanvas,https://qmp.oss-cn-beijing.aliyuncs.com/uploadImg/202010/product5f8d6ad156281599349377.png?x-oss-process=style%2Fsmall&OSSAccessKeyId=LTAI2SRf7Sf1P5bU&Expires=1623570418&Signature=drpdc3ZGIKteoW8kiUKynmeQcnk%3D,人工智能,数据科学平台,北京市,,战略融资,未披露,2021.05.12,http://vip.qimingpian.com/#/detailcom?src=magic&ticket=77d5e4042e1d547b8cb80fd0f45e988b&id=258ebf95ebc7ea836c47fc8d02a807b1,"[{'investor': '赛富投资基金', 'detail': 'http://vip.qimingpian.com/#/detailorg?src=magic&ticket=b5f0b1db7ecc5add80d514761879c553&id=d7a566d5d0d26ff13a0a8591bccec5f3', 'invest_type_name': '合投', 'invest_type': '3'}, {'investor': '尚珹投资', 'detail': 'http://vip.qimingpian.com/#/detailorg?src=magic&ticket=e6baed9742335f4abd4ab02671394e6c&id=d9fb3e22baf300f5d2aa743da26f50fc', 'invest_type_name': '合投', 'invest_type': '3'}, {'investor': '领沨资本', 'detail': 'http://vip.qimingpian.com/#/detailorg?src=magic&ticket=ec936c070c59533f97247947f8aafdf9&id=f444a6fc58aa756c10884d572848ed1e', 'invest_type_name': '合投', 'invest_type': '3'}, {'investor': '君紫资本', 'detail': 'http://vip.qimingpian.com/#/detailorg?src=magic&ticket=31578a99f47452d8b80a6274d69b15fb&id=663c471f5229bc5618bca8bf9018f800', 'invest_type_name': '合投', 'invest_type': '3'}, {'investor': '珂玺资本', 'detail': 'http://vip.qimingpian.com/#/detailorg?src=magic&ticket=8ce41eb2797c57f28b53b42ef1d2f698&id=fab050fd267b8ff885f18eff6f1b7ad5', 'invest_type_name': '合投', 'invest_type': '3'}]",6
15,叮咚买菜,https://img1.qimingpian.cn/uploadImg/202104/606d494b2b3e9.png,电子商务,自营即时电商,上海市,,D+轮,3.3亿美元,2021.05.12,http://vip.qimingpian.com/#/detailcom?src=magic&ticket=28c3e6b4f7ee5a039a528d905c0dd57e&id=11abc46e724efbfe1de3a50537a4148d,"[{'investor': '软银愿景基金', 'detail': 'http://vip.qimingpian.com/#/detailorg?src=magic&ticket=b4182ea03805534e8deaf909e983be73&id=b708af19c9597134fe960c1b486662b5', 'invest_type_name': '领投', 'invest_type': '1'}]",23
16,海豚音乐vipSing,https://img1.qimingpian.cn/uploadImg/202105/609b2b6ca8dd8.png,教育培训,在线少儿音乐教育平台,上海市,,A轮,数千万人民币,2021.05.12,http://vip.qimingpian.com/#/detailcom?src=magic&ticket=c34b2fa828d8520e85a7a85234651b8f&id=7d12861c6151d6f23a13d05966fdc4b4,"[{'investor': '顺为资本', 'detail': 'http://vip.qimingpian.com/#/detailorg?src=magic&ticket=de6f803f08f0504181436577e9faca03&id=321f4243c8892334bded1dd28af1eb83', 'invest_type_name': '领投', 'invest_type': '1'}, {'investor': '声网Agora', 'detail': 'http://vip.qimingpian.com/#/detailcom?src=magic&ticket=127ee576a6e3553ab95ad6a01e530812&id=45f05ba33fdd2959a4fbe7d76ac021c9', 'invest_type_name': '', 'invest_type': '0'}]",3
17,跑象科技,https://qmp.oss-cn-beijing.aliyuncs.com/uploadImg/202105/product609b2d6a0f249112175034.png?x-oss-process=style%2Fsmall&OSSAccessKeyId=LTAI2SRf7Sf1P5bU&Expires=1623570418&Signature=cuBtmApMxtH%2BF1ESR8GWvYhugOo%3D,企业服务,企业大数据服务商,北京市,,天使轮,近千万人民币,2021.05.12,http://vip.qimingpian.com/#/detailcom?src=magic&ticket=94c376389f985917ad1614afa6221acf&id=13da68d38cd17b454fc9f4d99ad65f32,"[{'investor': '险峰K2VC', 'detail': 'http://vip.qimingpian.com/#/detailorg?src=magic&ticket=a0acfa622c1d5a92bacf3398ee459f95&id=e20062e9c4df79c474a7bd84341e84a0', 'invest_type_name': '独投', 'invest_type': '4'}]",7
18,凯联医疗,https://img1.qimingpian.cn/uploadImg/202105/609b2a33d3ee0.png,医疗健康,胰岛素泵研发商,上海市,,C轮,逾亿人民币,2021.05.12,http://vip.qimingpian.com/#/detailcom?src=magic&ticket=1fc8b308da40536a8f2dfaee2ed7a211&id=94d4e5d8b349a1a47771206aefba39b5,"[{'investor': '东方富海', 'detail': 'http://vip.qimingpian.com/#/detailorg?src=magic&ticket=d8aa1bf221a35909aa10da635f31c841&id=13254b41c00c3a495c73d9ed1ff1acac', 'invest_type_name': '领投', 'invest_type': '1'}, {'investor': '乾道基金', 'detail': 'http://vip.qimingpian.com/#/detailorg?src=magic&ticket=059852f8092d5f2bade77badd5200f6a&id=fe6a46666f524f5160fdd593f09ac65b', 'invest_type_name': '跟投', 'invest_type': '2'}, {'investor': '斯道资本', 'detail': 'http://vip.qimingpian.com/#/detailorg?src=magic&ticket=a531a33a693d5d37905cabebd35d3c07&id=ba54d5a942d8d3cbf39c2b92178d00e7', 'invest_type_name': '跟投', 'invest_type': '2'}, {'investor': '富海中小企业发展基金', 'detail': 'http://vip.qimingpian.com/#/detailorg?src=magic&ticket=c6874d80f4345f95a59b3028a9489452&id=9ad5f6adec3ceb01b173005f55c1e7a3', 'invest_type_name': '跟投', 'invest_type': '2'}]",6
19,爱迪特,https://img1.qimingpian.cn/uploadImg/202105/609b26f5e4adc.png,医疗健康,牙科耗材研发商,河北省,,战略融资,数亿人民币,2021.05.12,http://vip.qimingpian.com/#/detailcom?src=magic&ticket=8a7742305f5e5df99ac6030f991f68b5&id=dd44a7fb8ccf84dd29c980cc781bf7c1,"[{'investor': '辰德资本', 'detail': 'http://vip.qimingpian.com/#/detailorg?src=magic&ticket=ba54d55ca40453ca80369eda05ed4ba4&id=f4363fe8726ebe107a96c2c66e1faa3c', 'invest_type_name': '领投', 'invest_type': '1'}, {'investor': '中金资本', 'detail': 'http://vip.qimingpian.com/#/detailorg?src=magic&ticket=121f6cbbf478599684010fa118b0755a&id=d58470a1934c32443eed0dcf6d41ad62', 'invest_type_name': '跟投', 'invest_type': '2'}, {'investor': '建发新兴投资', 'detail': 'http://vip.qimingpian.com/#/detailorg?src=magic&ticket=cae468a7758c5ad2a71172fd9515f630&id=aaeda7ca66dc5e1bc09987c96c53cae6', 'invest_type_name': '跟投', 'invest_type': '2'}]",6
0,星云Clustar,https://qmp.oss-cn-beijing.aliyuncs.com/uploadImg/202007/product5f05a4e2a0de5015464632.png?x-oss-process=style%2Fsmall&OSSAccessKeyId=LTAI2SRf7Sf1P5bU&Expires=1623570419&Signature=xIAebFzzoPaAFdDqoM2Bbprbi%2Fc%3D,人工智能,AI算力解决方案提供商,广东省,,A++轮,800万美元,2021.05.12,http://vip.qimingpian.com/#/detailcom?src=magic&ticket=ab4b066ad4ab56f6b892780284a0ea0b&id=4825f488e51459d65a4e6cb924b70ba1,"[{'investor': '华泰创新', 'detail': 'http://vip.qimingpian.com/#/detailorg?src=magic&ticket=fd5cedf07308517383c627e9f2679db8&id=384c2fd7a754fa888a0945f2b3bd815a', 'invest_type_name': '领投', 'invest_type': '1'}, {'investor': '招银国际资本', 'detail': 'http://vip.qimingpian.com/#/detailorg?src=magic&ticket=394dde4238625444b9f03055c0e1a8c0&id=95f2f27d4ea816002233b5b4a5a250a1', 'invest_type_name': '跟投', 'invest_type': '2'}, {'investor': '红树成长', 'detail': 'http://vip.qimingpian.com/#/detailorg?src=magic&ticket=c963dd51474f5c44bef73992740c0334&id=a31cf07d24f290db347956e489a1b847', 'invest_type_name': '', 'invest_type': '0'}]",11
1,在蚁企数科,https://qmp.oss-cn-beijing.aliyuncs.com/uploadImg/202105/product609a4a0408e53850301213.png?x-oss-process=style%2Fsmall&OSSAccessKeyId=LTAI2SRf7Sf1P5bU&Expires=1623570419&Signature=TwNmHOJizFjMKJ0PBqm2HxfG4pE%3D,大数据,数据中心ICT基础设施服务商,河南省,,天使轮,超2500万人民币,2021.05.11,http://vip.qimingpian.com/#/detailcom?src=magic&ticket=059ff5e718b25d5fbc9baee9c811f2cd&id=1b21b274ebc5979326408fe8d3faf0b2,"[{'investor': '观澜资本', 'detail': 'http://vip.qimingpian.com/#/detailorg?src=magic&ticket=4a185aa10957564eb73b01aa941dfc84&id=001f7cd515c38bed23a8b6185b329a80', 'invest_type_name': '领投', 'invest_type': '1'}]",0
2,北森Beisen,https://qmp.oss-cn-beijing.aliyuncs.com/uploadImg/202001/product5e0e2bad1fd96146182610.jpg?x-oss-process=style%2Fsmall&OSSAccessKeyId=LTAI2SRf7Sf1P5bU&Expires=1623570419&Signature=HZq6KowkQSj6lDQbN4v7WFxD5ok%3D,企业服务,一体化人才管理云平台供应商,北京市,,F轮,2.6亿美元,2021.05.11,http://vip.qimingpian.com/#/detailcom?src=magic&ticket=6fa588d453165677befd60dfddd1c643&id=319de9a314eae585d805ae05ac0011ee,"[{'investor': '软银愿景基金', 'detail': 'http://vip.qimingpian.com/#/detailorg?src=magic&ticket=b4182ea03805534e8deaf909e983be73&id=b708af19c9597134fe960c1b486662b5', 'invest_type_name': '合投', 'invest_type': '3'}, {'investor': 'Goldman Sachs', 'detail': 'http://vip.qimingpian.com/#/detailorg?src=magic&ticket=a117a44577c157a9bfb360dc58348ecf&id=58e0e0521f189b1230106954b9eb93c9', 'invest_type_name': '合投', 'invest_type': '3'}, {'investor': '春华资本', 'detail': 'http://vip.qimingpian.com/#/detailorg?src=magic&ticket=2e888632b619558faa0da38e41b6984d&id=58df2ca024e86292d03db82fa5870da8', 'invest_type_name': '合投', 'invest_type': '3'}, {'investor': '富达国际', 'detail': 'http://vip.qimingpian.com/#/detailorg?src=magic&ticket=9fc929652dbb5fcb9d740312937756c6&id=9ebdf5ed1bd6a8bc14c0edac6b3472df', 'invest_type_name': '合投', 'invest_type': '3'}, {'investor': '经纬中国', 'detail': 'http://vip.qimingpian.com/#/detailorg?src=magic&ticket=742e103c9459538da64aa07e6be4609c&id=3a50ab9902e171c8869be338ec7affc9', 'invest_type_name': '合投', 'invest_type': '3'}, {'investor': '红杉资本中国', 'detail': 'http://vip.qimingpian.com/#/detailorg?src=magic&ticket=4b1c54ebfbdd53d6a0af12a37b98d5d4&id=a8d12f114305bd75e39f9e3abec13c6b', 'invest_type_name': '合投', 'invest_type': '3'}, {'investor': '元生资本', 'detail': 'http://vip.qimingpian.com/#/detailorg?src=magic&ticket=164e34106e885f7f95fcb5f114753162&id=89b1a349fb649bf52e1de979fac07031', 'invest_type_name': '合投', 'invest_type': '3'}, {'investor': '深创投', 'detail': 'http://vip.qimingpian.com/#/detailorg?src=magic&ticket=99fe4767812a5edea143e3a80159d510&id=7a65299129e86e2a3e2baeb7bec36712', 'invest_type_name': '合投', 'invest_type': '3'}]",11
3,东软睿新,https://qmp.oss-cn-beijing.aliyuncs.com/uploadImg/202011/product5fbb211422ddf210252275.png?x-oss-process=style%2Fsmall&OSSAccessKeyId=LTAI2SRf7Sf1P5bU&Expires=1623570419&Signature=NiADRAMby5T397esq6BTh%2F5Jfhw%3D,教育培训,教育软件开发销售商,辽宁省,,股权转让,1.86亿人民币,2021.05.11,http://vip.qimingpian.com/#/detailcom?src=magic&ticket=7d4b6086bd235e89947f3eec9164889c&id=b29bf16a285f9644cfa4615fcb7ea5f1,"[{'investor': '东软教育', 'detail': 'http://vip.qimingpian.com/#/detailcom?src=magic&ticket=85fbe7a1203a5683b93352020ce26ec7&id=b00e06c9df40432e5b693efd35a54c2a', 'invest_type_name': '独投', 'invest_type': '4'}]",0
4,天海世界,https://qmp.oss-cn-beijing.aliyuncs.com/uploadImg/201812/product5c0e1c515d281095128544.png?x-oss-process=style%2Fsmall&OSSAccessKeyId=LTAI2SRf7Sf1P5bU&Expires=1623570419&Signature=Z36v3XbW3hqRWVq2Pqp8HafynHQ%3D,企业服务,卫星通信服务提供商,广东省,,战略融资,未披露,2021.05.11,http://vip.qimingpian.com/#/detailcom?src=magic&ticket=d5224a4809f05df684b803f5576b5965&id=33ee4f07e79df3e05e52edafd7b8196a,"[{'investor': '盟升电子', 'detail': 'http://vip.qimingpian.com/#/detailcom?src=magic&ticket=6fe03ca598e25481a652fa2c6b40d272&id=e0f2106c0655aeafa136da649fdbf690', 'invest_type_name': '独投', 'invest_type': '4'}]",1
5,超材信息,https://qmp.oss-cn-beijing.aliyuncs.com/uploadImg/202001/product5e12a1f1b8d02544461239.png?x-oss-process=style%2Fsmall&OSSAccessKeyId=LTAI2SRf7Sf1P5bU&Expires=1623570419&Signature=Hf0wc9bKosAXkYmZOArm19SYv5c%3D,新基建,国产SAW滤波器研发生产商,北京市,,A+轮,未披露,2021.05.11,http://vip.qimingpian.com/#/detailcom?src=magic&ticket=d9bfe88d8f6b5f4dbae38ea31955b0fe&id=0ee7a687542bc498e9bacc126f940a02,"[{'investor': '大兴投资', 'detail': 'http://vip.qimingpian.com/#/detailorg?src=magic&ticket=38c2c4a1d5d6586b9466da63dcb2c850&id=232473b5f8e288bc99b0e6eb80550a81', 'invest_type_name': '独投', 'invest_type': '4'}]",2
6,卫达信息,https://qmp.oss-cn-beijing.aliyuncs.com/uploadImg/202009/product5f697b830cf01677228955.png?x-oss-process=style%2Fsmall&OSSAccessKeyId=LTAI2SRf7Sf1P5bU&Expires=1623570419&Signature=qebHzLBmWt5I2EAyjUQZXoi%2BxwE%3D,企业服务,网络安全技术服务提供商,北京市,,A+轮,数千万人民币,2021.05.11,http://vip.qimingpian.com/#/detailcom?src=magic&ticket=a27ca3221a2a593ea6b297a9843e307d&id=a3b73409402ee6ef0ca1bf734fbe8c5c,"[{'investor': '国家电投', 'detail': 'http://vip.qimingpian.com/#/detailorg?src=magic&ticket=e73a46f7dc2d5f4b946124a831b7a888&id=79aab87411d310f47a2d423027e39993', 'invest_type_name': '合投', 'invest_type': '3'}, {'investor': '北变投资', 'detail': 'http://vip.qimingpian.com/#/detailorg?src=magic&ticket=f259968a2b9d56c3aa92827cd3f78db7&id=605c41d7359c96a16fdfd031bbfb7a78', 'invest_type_name': '合投', 'invest_type': '3'}]",2
7,米小芽,https://qmp.oss-cn-beijing.aliyuncs.com/uploadImg/202005/product5ecf92d980f2b184826222.png?x-oss-process=style%2Fsmall&OSSAccessKeyId=LTAI2SRf7Sf1P5bU&Expires=1623570419&Signature=Y2MZuSFrfrJmr9O9HO99gnc2EOA%3D,食品饮料,婴儿辅食生产商,上海市,,A轮,数千万人民币,2021.05.11,http://vip.qimingpian.com/#/detailcom?src=magic&ticket=b0fa5b22a8a656cea485df185d409743&id=892d567a6ac9a757459465ba4463d0ff,"[{'investor': '新梅资产', 'detail': 'http://vip.qimingpian.com/#/detailorg?src=magic&ticket=388d380c9f0b59afb364d921b7dece51&id=0ceb0993e7cb9273318448bf1856154e', 'invest_type_name': '领投', 'invest_type': '1'}]",26
8,核芯互联,https://qmp.oss-cn-beijing.aliyuncs.com/uploadImg/201902/product5c623eeb936c5182026381.png?x-oss-process=style%2Fsmall&OSSAccessKeyId=LTAI2SRf7Sf1P5bU&Expires=1623570419&Signature=5Sbs3UcGcIFnqyxy8vuz1b48I5I%3D,先进制造,数模混合信号链芯片研发商,,,A轮,亿元人民币,2021.05.11,http://vip.qimingpian.com/#/detailcom?src=magic&ticket=dbb6fd37dcee51e4a97bed3397b27a10&id=bf2466bf3b4557cdf53e43fb5eef370a,"[{'investor': '同创伟业', 'detail': 'http://vip.qimingpian.com/#/detailorg?src=magic&ticket=388b4cd5e9d6589da3c2cfb39bbfdb43&id=a14e0bf834246122f119451d3e7e6d0d', 'invest_type_name': '领投', 'invest_type': '1'}, {'investor': '东方富海', 'detail': 'http://vip.qimingpian.com/#/detailorg?src=magic&ticket=d8aa1bf221a35909aa10da635f31c841&id=13254b41c00c3a495c73d9ed1ff1acac', 'invest_type_name': '跟投', 'invest_type': '2'}]",0
9,联芯通半导体,https://qmp.oss-cn-beijing.aliyuncs.com/uploadImg/202105/product609a2932804c8942766802.png?x-oss-process=style%2Fsmall&OSSAccessKeyId=LTAI2SRf7Sf1P5bU&Expires=1623570419&Signature=UKb%2Ftuk%2BeCqaumIfRnkthbiw4uk%3D,硬科技,物联网通信芯片研发商,浙江省,,B轮,5903万人民币,2021.05.11,http://vip.qimingpian.com/#/detailcom?src=magic&ticket=1f53c848108d546f9f92464d84d5e2be&id=a76df869d870ec47ebed666dcd7cbe16,"[{'investor': '富海中小企业发展基金', 'detail': 'http://vip.qimingpian.com/#/detailorg?src=magic&ticket=c6874d80f4345f95a59b3028a9489452&id=9ad5f6adec3ceb01b173005f55c1e7a3', 'invest_type_name': '合投', 'invest_type': '3'}, {'investor': '泰达科投', 'detail': 'http://vip.qimingpian.com/#/detailorg?src=magic&ticket=8a6a7b405c9058b0b063dae9265ce107&id=ec5092a4fb83a9b68f16012d86eb1745', 'invest_type_name': '合投', 'invest_type': '3'}, {'investor': '达泰资本', 'detail': 'http://vip.qimingpian.com/#/detailorg?src=magic&ticket=e35ce40eef115278971e0d08f89aa94b&id=c4e41d796b1e9bab62158292c85584e7', 'invest_type_name': '合投', 'invest_type': '3'}]",2
10,海南口腔医院,https://img1.qimingpian.cn/uploadImg/202105/609a26858e7fb.png,医疗健康,省级口腔专科医院,海南省,,战略融资,未披露,2021.05.11,http://vip.qimingpian.com/#/detailcom?src=magic&ticket=f46a00f9f3fe52548ea9182fdd424b20&id=5e9693c57473dabae201693715b6bf67,"[{'investor': '松柏投资', 'detail': 'http://vip.qimingpian.com/#/detailorg?src=magic&ticket=07e0e3f761c6518c97967bff1edede74&id=5796cef0451bd10ff2d8f7613f3646c2', 'invest_type_name': '独投', 'invest_type': '4'}]",1
11,交大高能,https://qmp.oss-cn-beijing.aliyuncs.com/uploadImg/202105/product609a22129c27c894360115.png?x-oss-process=style%2Fsmall&OSSAccessKeyId=LTAI2SRf7Sf1P5bU&Expires=1623570419&Signature=jktIs7MiI7pqanXWow%2FLa6fLOls%3D,先进制造,动力电池数字化3D打印服务商,,,种子轮,百万级人民币,2021.05.11,http://vip.qimingpian.com/#/detailcom?src=magic&ticket=4548566908f050e8be0bba9ba4fe619d&id=591c7e23cb2d879c8e2b2b403af7d10b,"[{'investor': '交大增智', 'detail': 'http://vip.qimingpian.com/#/detailcom?src=magic&ticket=6ba4d9d960b45c53af1a0dbbef41c8f3&id=1f564e758900f2865f5e0dd4d523ddb4', 'invest_type_name': '独投', 'invest_type': '4'}]",2
12,蜂鸟小课,https://img1.qimingpian.cn/uploadImg/202105/609a26d08e34d.png,教育培训,成人在线职业教育品牌,北京市,,天使轮,千万级人民币,2021.05.11,http://vip.qimingpian.com/#/detailcom?src=magic&ticket=bd7c1cf633215e348b71fcd45a9c3ecd&id=943382bdbe7a3dff47478cfa8abbb7ea,"[{'investor': '险峰K2VC', 'detail': 'http://vip.qimingpian.com/#/detailorg?src=magic&ticket=a0acfa622c1d5a92bacf3398ee459f95&id=e20062e9c4df79c474a7bd84341e84a0', 'invest_type_name': '领投', 'invest_type': '1'}, {'investor': '翊州科技', 'detail': '', 'invest_type_name': '跟投', 'invest_type': '2'}, {'investor': '华夏桃李', 'detail': 'http://vip.qimingpian.com/#/detailorg?src=magic&ticket=f86c429ae6595db19b437ade81e6a997&id=089ffb88f5146a589f127bbf56d1fb19', 'invest_type_name': '跟投', 'invest_type': '2'}]",7
13,灵西机器人,https://img1.qimingpian.cn/uploadImg/202105/609a24ef66d6c.png,先进制造,工业机器人解决方案提供商,浙江省,,A+轮,近亿人民币,2021.05.11,http://vip.qimingpian.com/#/detailcom?src=magic&ticket=54042de859745da6a3233184d16eed13&id=9e480d80abcebadd94d499178676d516,"[{'investor': '源渡创投', 'detail': 'http://vip.qimingpian.com/#/detailorg?src=magic&ticket=ac192b5753845652b19f2e210c89af09&id=cdc1835864ccf61fbb55324649d0f9c0', 'invest_type_name': '独投', 'invest_type': '4'}]",7
14,安必轩,https://img1.qimingpian.cn/uploadImg/202105/609a1ccd8bb69.png,硬件,编码器芯片提供商,江苏省,,Pre-A轮,2620万人民币,2021.05.11,http://vip.qimingpian.com/#/detailcom?src=magic&ticket=fb40ec1591d35063a41e70453e4cfdd8&id=881aba4db9131ea3033ef7cdf18d2cd1,"[{'investor': '苏高新创投集团', 'detail': 'http://vip.qimingpian.com/#/detailorg?src=magic&ticket=bd1303f5388f5b9b8367e96900228654&id=613adf65aea5b56e0c8c6f7774854d58', 'invest_type_name': '合投', 'invest_type': '3'}, {'investor': '朝希投资', 'detail': 'http://vip.qimingpian.com/#/detailorg?src=magic&ticket=6a47cc168c7158d79fa56aa47bd2e0ea&id=6bf1240de222e9527aaf41bbda688d0e', 'invest_type_name': '合投', 'invest_type': '3'}, {'investor': '西藏禹泽', 'detail': 'http://vip.qimingpian.com/#/detailorg?src=magic&ticket=c577e574e26453bda61f84d63ebe8193&id=c5eb80d0d9aabc3fb85d75c24fd9241f', 'invest_type_name': '合投', 'invest_type': '3'}]",3
15,云谷智药,https://img1.qimingpian.cn/uploadImg/202105/609a1bf2d7875.png,医疗健康,基因编辑治疗技术提供商,浙江省,,天使轮,数千万人民币,2021.05.11,http://vip.qimingpian.com/#/detailcom?src=magic&ticket=0bdce6c8ee8e5237addc8998ffc3f7c9&id=feddaf84edc3b04718dabf80c8df75de,"[{'investor': '高榕资本', 'detail': 'http://vip.qimingpian.com/#/detailorg?src=magic&ticket=fae58c4fcd0d5364b162c065438f2d90&id=49ddcd29e21427ad60e7401a70214622', 'invest_type_name': '合投', 'invest_type': '3'}, {'investor': '从容创投', 'detail': 'http://vip.qimingpian.com/#/detailorg?src=magic&ticket=13ca4c2812565ac88c6c62a81dfddc45&id=9e93d4682f3e5acbe13ce7a435ca720d', 'invest_type_name': '合投', 'invest_type': '3'}]",2
16,连咖啡零售,https://qmp.oss-cn-beijing.aliyuncs.com/uploadImg/202105/product609a1b33f0bbf693065237.jpg?x-oss-process=style%2Fsmall&OSSAccessKeyId=LTAI2SRf7Sf1P5bU&Expires=1623570419&Signature=1i1saQQ3R3VQ8c7Rt34Ou%2Bum8o4%3D,食品饮料,预包装咖啡零售品牌,上海市,,天使轮,数百万美元,2021.05.11,http://vip.qimingpian.com/#/detailcom?src=magic&ticket=dbdc12d9496c5eb18e59f966caeb95fb&id=df4df37f75c4af89f8deef471b3d86f2,"[{'investor': '创新工场', 'detail': 'http://vip.qimingpian.com/#/detailorg?src=magic&ticket=9c83ac95db7558aa9b251d8a7252dadd&id=a1db9f78e168f5ea6f0ac9b6b6facd2f', 'invest_type_name': '领投', 'invest_type': '1'}, {'investor': '李静', 'detail': 'http://vip.qimingpian.com/#/detailperson?src=magic&ticket=f45965f8b93852dbb662ad0feab5d16f&id=4abbc387551d4b2fe240665d3f7f81f0', 'invest_type_name': '', 'invest_type': '0'}]",7
17,贝宝金融,https://qmp.oss-cn-beijing.aliyuncs.com/uploadImg/202003/product5e606db7200be168800171.png?x-oss-process=style%2Fsmall&OSSAccessKeyId=LTAI2SRf7Sf1P5bU&Expires=1623570419&Signature=9fIB26Zv01Zb2wg2HbWYVLgKqnQ%3D,区块链,区块链金融及技术服务提供商,香港,,A轮,4000万美元,2021.05.11,http://vip.qimingpian.com/#/detailcom?src=magic&ticket=9bacc987e9095628a5d254392b5198dc&id=79b964562459a1e1c6ba18ceb3e4150d,"[{'investor': 'Tiger Global Management', 'detail': 'http://vip.qimingpian.com/#/detailorg?src=magic&ticket=36d2e920ed195dce9211465b7df9893d&id=515a10e67dfed1c8e6e7a32123bf47c6', 'invest_type_name': '合投', 'invest_type': '3'}, {'investor': '万物资本', 'detail': 'http://vip.qimingpian.com/#/detailorg?src=magic&ticket=31cea91b57625ff08665fe8e5a4dab9c&id=5774f4c14758fbb77be8b3f0de78aef0', 'invest_type_name': '合投', 'invest_type': '3'}, {'investor': '红杉资本中国', 'detail': 'http://vip.qimingpian.com/#/detailorg?src=magic&ticket=4b1c54ebfbdd53d6a0af12a37b98d5d4&id=a8d12f114305bd75e39f9e3abec13c6b', 'invest_type_name': '合投', 'invest_type': '3'}, {'investor': 'Dragonfly', 'detail': 'http://vip.qimingpian.com/#/detailorg?src=magic&ticket=85a98620b52d53a69cdf6f5b327f53bf&id=5c3acb0c5032f18f81d8e5e73abb51ae', 'invest_type_name': '合投', 'invest_type': '3'}, {'investor': 'BAI贝塔斯曼亚洲投资基金', 'detail': 'http://vip.qimingpian.com/#/detailorg?src=magic&ticket=c3ea551038335439a068b9f1c45d72c8&id=1a52e71ac90cb6ceaf5784c19ca5f10b', 'invest_type_name': '合投', 'invest_type': '3'}]",3
18,麦斯卓微,https://img1.qimingpian.cn/uploadImg/202105/6099f891d7919.png,先进制造,MEMS图像传感器制造商,江苏省,,A++轮,过亿人民币,2021.05.11,http://vip.qimingpian.com/#/detailcom?src=magic&ticket=e184ad573f715c29bb23515e6bcfab00&id=16d61671e96ffb2d55ab28730bedc6b2,"[{'investor': '和利资本', 'detail': 'http://vip.qimingpian.com/#/detailorg?src=magic&ticket=1ea498b531e65a778d659803e7b36e0a&id=2b7cccd5959046c4f58f61146c677879', 'invest_type_name': '领投', 'invest_type': '1'}, {'investor': '应天投资', 'detail': 'http://vip.qimingpian.com/#/detailorg?src=magic&ticket=42c585a95ae95651a6a87ae57599be26&id=73c1afa268c1473ceed323d84ae618bc', 'invest_type_name': '跟投', 'invest_type': '2'}, {'investor': '亚昌投资', 'detail': '', 'invest_type_name': '跟投', 'invest_type': '2'}, {'investor': '华登国际', 'detail': 'http://vip.qimingpian.com/#/detailorg?src=magic&ticket=c309d1277a7251df89a61f1d4ac4a5ea&id=034975a7d3fe85f1d89d45ab9e0d9cbf', 'invest_type_name': '跟投', 'invest_type': '2'}, {'investor': '光远数科', 'detail': 'http://vip.qimingpian.com/#/detailorg?src=magic&ticket=4aa487f7a15350a5b212761aa34092e4&id=0e032b45661fd0f9029f873d88fcff10', 'invest_type_name': '跟投', 'invest_type': '2'}]",4
19,企企科技,https://img1.qimingpian.cn/uploadImg/202105/609a19cccf6da.png,企业服务,一站式经营管理云平台,北京市,,A轮,数千万美元,2021.05.11,http://vip.qimingpian.com/#/detailcom?src=magic&ticket=e01e3a808b695ca68fa771bbcd1a0901&id=58ba7907950973db8f4c58669a5b324a,"[{'investor': 'Tiger Global Management', 'detail': 'http://vip.qimingpian.com/#/detailorg?src=magic&ticket=36d2e920ed195dce9211465b7df9893d&id=515a10e67dfed1c8e6e7a32123bf47c6', 'invest_type_name': '领投', 'invest_type': '1'}, {'investor': 'CBC宽带资本', 'detail': 'http://vip.qimingpian.com/#/detailorg?src=magic&ticket=a77c4150646c5ba38f4de6ac700c22c0&id=ff2ddb9606b5483afedf5e757773912f', 'invest_type_name': '跟投', 'invest_type': '2'}]",8
0,大橡科技,https://qmp.oss-cn-beijing.aliyuncs.com/uploadImg/201911/product5dd2100b28d1f259908254.png?x-oss-process=style%2Fsmall&OSSAccessKeyId=LTAI2SRf7Sf1P5bU&Expires=1623570419&Signature=%2FAgfs9tMrCP%2F%2FCwA9IUfjmr66W0%3D,医疗健康,人体器官芯片研发商,北京市,,A轮,数千万人民币,2021.05.11,http://vip.qimingpian.com/#/detailcom?src=magic&ticket=a4699b3d99045f1caedcc74d9690ec30&id=4826ec4edcbbc822adac5c6fdee2948d,"[{'investor': '鼎晖投资', 'detail': 'http://vip.qimingpian.com/#/detailorg?src=magic&ticket=dc3e5f6c77a9508f82f4db0e5c33b373&id=645ff1ac7619c44c271e7e072a35ec35', 'invest_type_name': '领投', 'invest_type': '1'}, {'investor': '奇绩创坛', 'detail': 'http://vip.qimingpian.com/#/detailorg?src=magic&ticket=ae61f4aa346154bbbccba0f31b1b142c&id=984c838baab05e26e259394ff10d9693', 'invest_type_name': '跟投', 'invest_type': '2'}, {'investor': '药明康德', 'detail': 'http://vip.qimingpian.com/#/detailorg?src=magic&ticket=b3566a7351a75165aadc953f576b473a&id=76bd4a25ae295c6ec818c6bc6056f5be', 'invest_type_name': '跟投', 'invest_type': '2'}, {'investor': '复容投资', 'detail': 'http://vip.qimingpian.com/#/detailorg?src=magic&ticket=5a353e70ede457a39226cb2863709eef&id=33485d562eb10809fabf009fa1fdf88e', 'invest_type_name': '跟投', 'invest_type': '2'}, {'investor': '久友资本', 'detail': 'http://vip.qimingpian.com/#/detailorg?src=magic&ticket=4c5841b32cb15f899aa5b6533f6b85f4&id=0ab65c2447e0d6e7e921bf330bd0839d', 'invest_type_name': '跟投', 'invest_type': '2'}]",6
1,臻亿医疗,https://qmp.oss-cn-beijing.aliyuncs.com/uploadImg/202105/product6099d991a8a57037005510.png?x-oss-process=style%2Fsmall&OSSAccessKeyId=LTAI2SRf7Sf1P5bU&Expires=1623570419&Signature=coOpHalogIU3jknsTQshFSFJYN4%3D,医疗健康,结构性心脏病医疗企业,江苏省,,A轮,数亿人民币,2021.05.11,http://vip.qimingpian.com/#/detailcom?src=magic&ticket=cf3d655df1fc51ce90f558bf68c11bae&id=2413f2c9b56a50f1b87c322d6deb121f,"[{'investor': '济峰资本', 'detail': 'http://vip.qimingpian.com/#/detailorg?src=magic&ticket=dbf1535e5a085095931d98e4bef6eb06&id=fa549557927bb0ad58db97fbc338a198', 'invest_type_name': '领投', 'invest_type': '1'}, {'investor': '国投创合', 'detail': 'http://vip.qimingpian.com/#/detailorg?src=magic&ticket=f5a9875be64551ef8b4c0fe02753c2f8&id=28e94115627ec89a0c6ae668ef746716', 'invest_type_name': '', 'invest_type': '0'}, {'investor': '建发资本', 'detail': '', 'invest_type_name': '', 'invest_type': '0'}, {'investor': '安诚基金', 'detail': 'http://vip.qimingpian.com/#/detailorg?src=magic&ticket=a7841ed60cfa5eb7b18a354ee84c2289&id=b2fb71e90852dc7bb431219796d9ed97', 'invest_type_name': '', 'invest_type': '0'}]",4
2,鲜沐农场,https://qmp.oss-cn-beijing.aliyuncs.com/uploadImg/202002/product5e4a1b883060c405978210.png?x-oss-process=style%2Fsmall&OSSAccessKeyId=LTAI2SRf7Sf1P5bU&Expires=1623570419&Signature=xdeJUJWF5XnooYSmuKn7mjNrRKg%3D,电子商务,水果烘焙B2B电商平台,浙江省,,B+轮,过亿人民币,2021.05.11,http://vip.qimingpian.com/#/detailcom?src=magic&ticket=979e7088b01153b8bb579389ea47f69f&id=aa055903fc0a22c474233181dcdad49a,"[{'investor': '成为资本', 'detail': 'http://vip.qimingpian.com/#/detailorg?src=magic&ticket=3ed4cffd3a5557ed902220977f6d950c&id=7c8022ce764a2048dddb056f8651c8d2', 'invest_type_name': '领投', 'invest_type': '1'}]",11
3,艾肯工业,https://qmp.oss-cn-beijing.aliyuncs.com/uploadImg/202002/product5e564d8853a66105901959.png?x-oss-process=style%2Fsmall&OSSAccessKeyId=LTAI2SRf7Sf1P5bU&Expires=1623570419&Signature=krHDUSVXBvJec3AOQ2v5kE%2F0t1g%3D,生产制造,蒸汽节能设备制造商,江苏省,,B轮,数千万人民币,2021.05.11,http://vip.qimingpian.com/#/detailcom?src=magic&ticket=a54f35e2b3be5a349cee6de10878c63d&id=4ea1acf8695f7b8153c68bc17f6a41af,"[{'investor': '兴富资本', 'detail': 'http://vip.qimingpian.com/#/detailorg?src=magic&ticket=bae65ffe30015259a81f848829d065d2&id=b4dc77487538a6a9bfd9b9968494e373', 'invest_type_name': '领投', 'invest_type': '1'}, {'investor': '北极光创投', 'detail': 'http://vip.qimingpian.com/#/detailorg?src=magic&ticket=6babf40a06ab5e5cb20db737be71397b&id=6a67c1ef86b76716e1e71766e0f29b52', 'invest_type_name': '跟投', 'invest_type': '2'}]",3
4,图达通,https://img1.qimingpian.cn/uploadImg/202105/6099e3be0d836.png,汽车交通,激光雷达产品和传感器融合技术提供商,江苏省,,B轮,6400万美元,2021.05.11,http://vip.qimingpian.com/#/detailcom?src=magic&ticket=009b4bec17165162803dc150cd3e6f1e&id=6d817eee8ed13dcdb07393639715fe9d,"[{'investor': 'Temasek淡马锡', 'detail': 'http://vip.qimingpian.com/#/detailorg?src=magic&ticket=36c43a53c3935a9ba5b12d9ab283cac9&id=7909868677968c2665c9ddd4c6b15ef8', 'invest_type_name': '合投', 'invest_type': '3'}, {'investor': 'BAI贝塔斯曼亚洲投资基金', 'detail': 'http://vip.qimingpian.com/#/detailorg?src=magic&ticket=c3ea551038335439a068b9f1c45d72c8&id=1a52e71ac90cb6ceaf5784c19ca5f10b', 'invest_type_name': '合投', 'invest_type': '3'}, {'investor': '愉悦资本', 'detail': 'http://vip.qimingpian.com/#/detailorg?src=magic&ticket=10360940ff4c569bb520a07f69692ffd&id=05dbf1494f6cf5aef0164344493f7931', 'invest_type_name': '合投', 'invest_type': '3'}, {'investor': '蔚来资本', 'detail': 'http://vip.qimingpian.com/#/detailorg?src=magic&ticket=38ebe8d6a36d50919f1463888b310011&id=478ee6894900a28db265510bb50d1526', 'invest_type_name': '合投', 'invest_type': '3'}, {'investor': '斯道资本', 'detail': 'http://vip.qimingpian.com/#/detailorg?src=magic&ticket=a531a33a693d5d37905cabebd35d3c07&id=ba54d5a942d8d3cbf39c2b92178d00e7', 'invest_type_name': '合投', 'invest_type': '3'}, {'investor': 'F-Prime Capital', 'detail': 'http://vip.qimingpian.com/#/detailorg?src=magic&ticket=58fb522ede185b31ab1aadab3c58c674&id=9d12d17b04301d775deab50bbac3544f', 'invest_type_name': '合投', 'invest_type': '3'}]",20
5,艾美斐,https://img1.qimingpian.cn/uploadImg/202105/6099d7871afeb.png,医疗健康,创新药物研发商,江苏省,,A轮,2亿人民币,2021.05.11,http://vip.qimingpian.com/#/detailcom?src=magic&ticket=6a37a574ac445ada98f9de79cd6e9281&id=0e166b82db16b210d9769aa378dc3227,"[{'investor': '领承创投', 'detail': 'http://vip.qimingpian.com/#/detailorg?src=magic&ticket=f41e5006ad5858c4bad414050688873c&id=f4af7f40306ca65ee8a19924b1f805f6', 'invest_type_name': '领投', 'invest_type': '1'}, {'investor': '君实生物', 'detail': 'http://vip.qimingpian.com/#/detailcom?src=magic&ticket=db6e2e83079c5a899dddcfb835819a0f&id=88a8c2c8ec3bdf4d376c16badb8bd9d2', 'invest_type_name': '', 'invest_type': '0'}, {'investor': '新丝路金控', 'detail': 'http://vip.qimingpian.com/#/detailorg?src=magic&ticket=d0889968603e5b6ba6972fdea9b06436&id=37de4241c669a6df7e92490e76b316b7', 'invest_type_name': '跟投', 'invest_type': '2'}]",2
6,糖吉医疗,https://qmp.oss-cn-beijing.aliyuncs.com/uploadImg/202006/product5ef1799fcede7177943886.png?x-oss-process=style%2Fsmall&OSSAccessKeyId=LTAI2SRf7Sf1P5bU&Expires=1623570419&Signature=dXhjo2qkROc8gFzOQLBMa1Nnfy0%3D,医疗健康,医疗器械服务商,浙江省,,战略融资,5500万人民币,2021.05.11,http://vip.qimingpian.com/#/detailcom?src=magic&ticket=0a7ae51ad9f856c7af42a2ca1d4ac2cf&id=d61964ae80c6c501156edc88d4335db2,"[{'investor': '百度风投', 'detail': 'http://vip.qimingpian.com/#/detailorg?src=magic&ticket=9c25abc2b81457afa69f2ed181cfde5c&id=a63d14806da66710c5f54a9db9df97b6', 'invest_type_name': '领投', 'invest_type': '1'}, {'investor': '朗玛峰创投', 'detail': 'http://vip.qimingpian.com/#/detailorg?src=magic&ticket=a0bfd08772ac5c8b958d682f5d0deaf9&id=e8ad7e1db67ceda01916191c842bc3ab', 'invest_type_name': '跟投', 'invest_type': '2'}, {'investor': '鼎心资本', 'detail': 'http://vip.qimingpian.com/#/detailorg?src=magic&ticket=be870f5e02815c20b89e1d5af5ddadba&id=94b7e4514d7750eb6654d23de0f42202', 'invest_type_name': '跟投', 'invest_type': '2'}]",0
7,深睿医疗,https://img1.qimingpian.cn/uploadImg/202105/6099d67e7a5b2.png,医疗健康,互联网医疗AI研发商,北京市,,C++轮,未披露,2021.05.11,http://vip.qimingpian.com/#/detailcom?src=magic&ticket=d6064a270b6655918065a092e66082f5&id=d51a9750b08e483192a6fa0a2209b2d2,"[{'investor': 'CPE源峰', 'detail': 'http://vip.qimingpian.com/#/detailorg?src=magic&ticket=11f4fc462b9c5f08929172d07dc38df1&id=6d9e5f4ec93d2ea9c21231d2c24446da', 'invest_type_name': '领投', 'invest_type': '1'}, {'investor': '阿斯利康中金医疗创投基金', 'detail': 'http://vip.qimingpian.com/#/detailorg?src=magic&ticket=43f0e08d10115294bfb748af3be8663d&id=2aba3256a4276fcf9d242f632233f397', 'invest_type_name': '跟投', 'invest_type': '2'}, {'investor': '国新央企', 'detail': 'http://vip.qimingpian.com/#/detailorg?src=magic&ticket=6606dedcd3b35e5099cd2592b2f6732d&id=55f5523fdf47293e41703581efa1bf83', 'invest_type_name': '跟投', 'invest_type': '2'}, {'investor': '昆仲资本', 'detail': 'http://vip.qimingpian.com/#/detailorg?src=magic&ticket=747537e7b3635e33a9f72ff0754061fb&id=af8a12e5c9e2a5a6bdcb51785e240fdc', 'invest_type_name': '跟投', 'invest_type': '2'}, {'investor': '君联资本', 'detail': 'http://vip.qimingpian.com/#/detailorg?src=magic&ticket=0b0ad1bf7bc45822a9b34918e931fd01&id=828161b454482ce8d67c17e76b5d0194', 'invest_type_name': '跟投', 'invest_type': '2'}]",13
8,赛福基因,https://qmp.oss-cn-beijing.aliyuncs.com/uploadImg/202001/product5e0f1f895a4cc343397228.png?x-oss-process=style%2Fsmall&OSSAccessKeyId=LTAI2SRf7Sf1P5bU&Expires=1623570419&Signature=vOx18QxSSNbfxcDdPkgKmGMtiLE%3D,医疗健康,遗传疾病诊断基因检测服务提供商,北京市,,B轮,超亿人民币,2021.05.11,http://vip.qimingpian.com/#/detailcom?src=magic&ticket=029fb546b1fb5470b4e0ac657fe41a06&id=c36043b7150c400dc825ed90cc1cde51,"[{'investor': '水木创投', 'detail': 'http://vip.qimingpian.com/#/detailorg?src=magic&ticket=be0c81108ed351bf9831bc5a0acbbc55&id=fd67cc5ea38cf42d3a165e07f9c513ca', 'invest_type_name': '领投', 'invest_type': '1'}, {'investor': '启迪之星', 'detail': 'http://vip.qimingpian.com/#/detailorg?src=magic&ticket=9a3760522eb152d9bc5ccc080932fb52&id=0702d6547f0f43f43898d0c9b4c4363c', 'invest_type_name': '跟投', 'invest_type': '2'}, {'investor': '源慧投资', 'detail': 'http://vip.qimingpian.com/#/detailorg?src=magic&ticket=b0ddc08207a156c188bca599fe01d4d3&id=92311f53b60c14cd0436f0c5197a20b4', 'invest_type_name': '跟投', 'invest_type': '2'}, {'investor': '承树投资', 'detail': 'http://vip.qimingpian.com/#/detailorg?src=magic&ticket=783db1ec93e855059e62105e3f1823c6&id=5be043b49f10164c1211a078fc5e0922', 'invest_type_name': '跟投', 'invest_type': '2'}, {'investor': '盛万投资', 'detail': 'http://vip.qimingpian.com/#/detailorg?src=magic&ticket=57361c7569915ab89c92f78a2b902e4c&id=33ffbd6567d61f391b2d954e234d2b95', 'invest_type_name': '跟投', 'invest_type': '2'}]",1
9,校长邦,https://img1.qimingpian.cn/uploadImg/202105/6099d714153f8.png,教育培训,校长学习成长与社交平台,上海市,,A轮,数千万人民币,2021.05.11,http://vip.qimingpian.com/#/detailcom?src=magic&ticket=d27b0838e16f54d08241d990cc406521&id=96276d7222e914e8513f7d48c204dbd9,"[{'investor': '百家云', 'detail': 'http://vip.qimingpian.com/#/detailcom?src=magic&ticket=31ffc9df178b54429b34ab9266a91127&id=b219859ce64a14b699ac526cb6543b40', 'invest_type_name': '独投', 'invest_type': '4'}]",4
10,梯影传媒,https://qmp.oss-cn-beijing.aliyuncs.com/uploadImg/202002/product5e4f63ebf0746700359886.png?x-oss-process=style%2Fsmall&OSSAccessKeyId=LTAI2SRf7Sf1P5bU&Expires=1623570419&Signature=1Cr0ZwZB2UJkGLysaw0Ej88rEKY%3D,企业服务,商务楼宇效果媒体运营商,北京市,,B++轮,数亿人民币,2021.05.11,http://vip.qimingpian.com/#/detailcom?src=magic&ticket=a3f49f851e405ace81f6211b28c76db0&id=f9e6fed4e231e3761c433e7af6240e6e,"[{'investor': '捷成集团', 'detail': 'http://vip.qimingpian.com/#/detailorg?src=magic&ticket=41091dc554d751f19eeabf58fb582a80&id=b0137988ed345278cd804f19ac6e6389', 'invest_type_name': '领投', 'invest_type': '1'}, {'investor': 'Mirae Asset Global Investments', 'detail': 'http://vip.qimingpian.com/#/detailorg?src=magic&ticket=241be11f6e6e55fcb3bb73cb44245b0a&id=b23b0926df2f426138377844f63887bb', 'invest_type_name': '领投', 'invest_type': '1'}, {'investor': '国投创益', 'detail': 'http://vip.qimingpian.com/#/detailorg?src=magic&ticket=22c97c66c2745ce1b00491d2bbcad409&id=7a6c4a1c5746e0f2dc4b7e6b74a14fcb', 'invest_type_name': '跟投', 'invest_type': '2'}, {'investor': '明裕创投', 'detail': 'http://vip.qimingpian.com/#/detailorg?src=magic&ticket=db56a0784671512a83b823d76b0f20e2&id=9b3e1a16f95dc13807b05e8ec80c9fc9', 'invest_type_name': '跟投', 'invest_type': '2'}]",9
11,艾信智慧医疗,https://qmp.oss-cn-beijing.aliyuncs.com/uploadImg/202001/product5e11a1a33cc28288468475.png?x-oss-process=style%2Fsmall&OSSAccessKeyId=LTAI2SRf7Sf1P5bU&Expires=1623570419&Signature=KZCIVMuhbmGKPZTovQNr4Um5aPA%3D,医疗健康,智慧医院物流供应链解决方案提供商,江苏省,,股权融资,未披露,2021.05.11,http://vip.qimingpian.com/#/detailcom?src=magic&ticket=00e2f09d357451a7964dd5dad2acbbe9&id=df60588d1f9724ceb3ad1514b8937b41,"[{'investor': '中亿投资', 'detail': 'http://vip.qimingpian.com/#/detailorg?src=magic&ticket=057c0d0443695ce6bf162aaac714fc52&id=466b9bae348195ecb2080310af01c306', 'invest_type_name': '独投', 'invest_type': '4'}]",0
12,广瑞检测技术,https://qmp.oss-cn-beijing.aliyuncs.com/uploadImg/202105/product609cf8b1ecb39549013132.png?x-oss-process=style%2Fsmall&OSSAccessKeyId=LTAI2SRf7Sf1P5bU&Expires=1623570419&Signature=AgSezpRjK80%2BUWH767Cq4kDXO%2Bk%3D,企业服务,检验检测服务商,山东省,,股权融资,未披露,2021.05.11,http://vip.qimingpian.com/#/detailcom?src=magic&ticket=637e2cce5c4653ca8484243e3e2612ae&id=6784372ff0593afe0b71532a679d27b8,"[{'investor': '泰和新材', 'detail': 'http://vip.qimingpian.com/#/detailorg?src=magic&ticket=04ad4d124b5e582eaf006f6f01332ca7&id=5f00d2347489e95f98d7eccf6213dd30', 'invest_type_name': '独投', 'invest_type': '4'}]",1
13,程力环保,https://qmp.oss-cn-beijing.aliyuncs.com/uploadImg/202105/product609cf674d1c15077955770.png?x-oss-process=style%2Fsmall&OSSAccessKeyId=LTAI2SRf7Sf1P5bU&Expires=1623570419&Signature=gdGrRdLZmPnD%2Fzw%2BZr8zjcwWjSE%3D,环保,环保技术推广服务商,湖北省,,股权融资,未披露,2021.05.11,http://vip.qimingpian.com/#/detailcom?src=magic&ticket=fd1d3dbea1405e369ddaa22be703c547&id=fe94e2f20548b3fbde57a426334da4f8,"[{'investor': '新安洁股份', 'detail': 'http://vip.qimingpian.com/#/detailorg?src=magic&ticket=90b22d4ea10857d997ceac37b06716d6&id=b2fd94a3a711c482a2c4d1f0e0045e88', 'invest_type_name': '独投', 'invest_type': '4'}]",1
14,世茂瑞宸房地产,https://qmp.oss-cn-beijing.aliyuncs.com/uploadImg/202105/product609cf673f26cc900361808.png?x-oss-process=style%2Fsmall&OSSAccessKeyId=LTAI2SRf7Sf1P5bU&Expires=1623570419&Signature=T%2F4gp7Qnv1LQg27wKYyEhWv8z4w%3D,房产家居,房地产开发经营商,湖北省,,股权融资,未披露,2021.05.11,http://vip.qimingpian.com/#/detailcom?src=magic&ticket=326b54b3bc095869bc979ba96f7d212d&id=e2b8fbb6b7a3f3c5b0f6dac51557a194,"[{'investor': '世茂股份', 'detail': 'http://vip.qimingpian.com/#/detailorg?src=magic&ticket=9c9e88c7e9e35c65b3e7feee5bfbd952&id=19b70dd71b3d4c0748d8a62976110415', 'invest_type_name': '独投', 'invest_type': '4'}]",1
15,中科微星,https://qmp.oss-cn-beijing.aliyuncs.com/uploadImg/201901/product5c36f2a0258f9982178823.png?x-oss-process=style%2Fsmall&OSSAccessKeyId=LTAI2SRf7Sf1P5bU&Expires=1623570419&Signature=F40Os5ej2magPpvaBjHBfU%2FsQjQ%3D,生产制造,光学实验仪器及教育仪器生产销售商,陕西省,,股权融资,未披露,2021.05.11,http://vip.qimingpian.com/#/detailcom?src=magic&ticket=6140702b584f50b6a802f443953d0db2&id=969e2ca2d7f401e89cdd670359f3b431,"[{'investor': '大数长青', 'detail': 'http://vip.qimingpian.com/#/detailorg?src=magic&ticket=ff9c0bad6dae56caa77c960723228068&id=a84d85f3e1d34d3038b6c0f91cb0e6f2', 'invest_type_name': '独投', 'invest_type': '4'}]",1
16,三森田企管,https://qmp.oss-cn-beijing.aliyuncs.com/uploadImg/202105/product609ce1503f054443296944.png?x-oss-process=style%2Fsmall&OSSAccessKeyId=LTAI2SRf7Sf1P5bU&Expires=1623570419&Signature=anGHtKpcIkt6YNH6%2FLUIAjfY4xI%3D,企业服务,商务信息咨询服务商,内蒙古自治区,,股权融资,未披露,2021.05.11,http://vip.qimingpian.com/#/detailcom?src=magic&ticket=81639a83b45755dbbcf240f8ae97f306&id=b8c1495e9e793eb34873b26fa58566c9,"[{'investor': '伊利股份', 'detail': 'http://vip.qimingpian.com/#/detailorg?src=magic&ticket=7978efa42f0151a7bd687b2ae77b4290&id=3b9cb37a72ecb547b53ce8cc98a2c474', 'invest_type_name': '独投', 'invest_type': '4'}]",2
17,伟禾生物,https://qmp.oss-cn-beijing.aliyuncs.com/uploadImg/202001/product5e10c66b0a059205192369.png?x-oss-process=style%2Fsmall&OSSAccessKeyId=LTAI2SRf7Sf1P5bU&Expires=1623570419&Signature=6%2BtH3Jle5XpOCTElT8oeOiCjurw%3D,医疗健康,分子诊断产品供应商,江苏省,,股权融资,未披露,2021.05.11,http://vip.qimingpian.com/#/detailcom?src=magic&ticket=c6a0639bc9c157178a4661f33cbc89a1&id=0feb400706e6c63982b4f8826c48ad0e,"[{'investor': '玖兆康乾', 'detail': 'http://vip.qimingpian.com/#/detailorg?src=magic&ticket=68ea70d75b2f539ab2ab321d25d12e92&id=dcee82c35c509b8ee9e9bd9e4f8b4d4a', 'invest_type_name': '独投', 'invest_type': '4'}]",1
18,苏州瑞尚科技,https://qmp.oss-cn-beijing.aliyuncs.com/uploadImg/202105/product609c9d3b2b956917348080.png?x-oss-process=style%2Fsmall&OSSAccessKeyId=LTAI2SRf7Sf1P5bU&Expires=1623570419&Signature=YT74v4%2FHpgThinmToluYSe4wVgk%3D,企业服务,互联网应用IT开发商,江苏省,,股权融资,未披露,2021.05.11,http://vip.qimingpian.com/#/detailcom?src=magic&ticket=08c73aa5029d532da91bafdbef83bbec&id=2217cd2e63b861b8287ed5a9dbceccfd,"[{'investor': '九派资本', 'detail': 'http://vip.qimingpian.com/#/detailorg?src=magic&ticket=84358b5ccc09515dbb0452297f2937c5&id=7662b511355179485c821d30aaeabc30', 'invest_type_name': '独投', 'invest_type': '4'}]",2
19,天纺标岙瑟,https://qmp.oss-cn-beijing.aliyuncs.com/uploadImg/202105/product609c9af55cd6c534094843.png?x-oss-process=style%2Fsmall&OSSAccessKeyId=LTAI2SRf7Sf1P5bU&Expires=1623570419&Signature=k4S1K7mDdBP%2B%2FQkyAP6KKxTsz8Q%3D,生产制造,机械设备研发商,天津市,,股权融资,未披露,2021.05.11,http://vip.qimingpian.com/#/detailcom?src=magic&ticket=5c471cf5a0675c2085a133865dee42bd&id=1d1e1020705d5b93aa7f3dc88ad2a7ef,"[{'investor': '天纺投资', 'detail': 'http://vip.qimingpian.com/#/detailorg?src=magic&ticket=18ce09de9d365ed9add599851188a0b2&id=d17e57c8f18d4870c8ee3affccab8bd6', 'invest_type_name': '独投', 'invest_type': '4'}]",2
0,云时代智慧医疗,https://qmp.oss-cn-beijing.aliyuncs.com/uploadImg/202105/product609c9af4244f1573296385.png?x-oss-process=style%2Fsmall&OSSAccessKeyId=LTAI2SRf7Sf1P5bU&Expires=1623570420&Signature=LIthJ6ab4K3YUo22ipqDBkOuXfA%3D,医疗健康,医疗服务商,山西省,,股权融资,未披露,2021.05.11,http://vip.qimingpian.com/#/detailcom?src=magic&ticket=a68d3a848f535b9499b0406a50a556b5&id=49920377f7fab2a9178c8824731d00d5,"[{'investor': '思创医惠', 'detail': 'http://vip.qimingpian.com/#/detailorg?src=magic&ticket=173b44be297d5c899b5ebf0904d3f321&id=d522b0522c4b13166cc469f282f8c4c7', 'invest_type_name': '独投', 'invest_type': '4'}]",4
1,双镜智能,https://qmp.oss-cn-beijing.aliyuncs.com/uploadImg/202105/product609c9af22c178823129422.png?x-oss-process=style%2Fsmall&OSSAccessKeyId=LTAI2SRf7Sf1P5bU&Expires=1623570420&Signature=V4JSr%2Bp8cOglOTwslG1fCG0S7aM%3D,文娱传媒,平面传媒内容生产商,浙江省,,股权融资,未披露,2021.05.11,http://vip.qimingpian.com/#/detailcom?src=magic&ticket=f86f50493ee253c69f2f966e50cee940&id=0d300d2984489d5d44d0c8855b7c7d24,"[{'investor': '银杏谷资本', 'detail': 'http://vip.qimingpian.com/#/detailorg?src=magic&ticket=c7c37696b3005d338dd6939923062374&id=382f3eb5042116acb2a64660adbcdffb', 'invest_type_name': '独投', 'invest_type': '4'}]",19
2,赛耐康医学,https://qmp.oss-cn-beijing.aliyuncs.com/uploadImg/202105/product609c98a63e533610505856.png?x-oss-process=style%2Fsmall&OSSAccessKeyId=LTAI2SRf7Sf1P5bU&Expires=1623570420&Signature=gWPQUMhbybslRpPmYCPjNXfDzbs%3D,医疗健康,第三类医疗器械经营商,天津市,,股权融资,未披露,2021.05.11,http://vip.qimingpian.com/#/detailcom?src=magic&ticket=40d4cb8a92e151df903b2ed58f08efcd&id=785dfc9219c0aefb386d51fc224c733d,"[{'investor': '天士力控股集团', 'detail': 'http://vip.qimingpian.com/#/detailorg?src=magic&ticket=448ab8f5d81b5ad5a7b13a5a021715ae&id=e5e01fe3b5a04a445ff17c96b372ebca', 'invest_type_name': '独投', 'invest_type': '4'}]",2
3,遥米新能源,https://qmp.oss-cn-beijing.aliyuncs.com/uploadImg/202105/product609c9643ae9ae251633338.png?x-oss-process=style%2Fsmall&OSSAccessKeyId=LTAI2SRf7Sf1P5bU&Expires=1623570420&Signature=eINdXSCFYOBuOn9ddm%2FQ%2Fcwah0Y%3D,能源电力,太阳能热利用装备销售商,山东省,,股权融资,未披露,2021.05.11,http://vip.qimingpian.com/#/detailcom?src=magic&ticket=61a1ac4754f051a3a395b9d1670f722e&id=f234b5a715e76d12dc0a4b667a946a47,"[{'investor': '中网银新', 'detail': 'http://vip.qimingpian.com/#/detailorg?src=magic&ticket=71ba75c595c759418764a15131316e55&id=276547bba463c8219f828c5907f2383d', 'invest_type_name': '独投', 'invest_type': '4'}]",2
4,鼎盛盈科,https://qmp.oss-cn-beijing.aliyuncs.com/uploadImg/202105/product609c9641d3876094903104.png?x-oss-process=style%2Fsmall&OSSAccessKeyId=LTAI2SRf7Sf1P5bU&Expires=1623570420&Signature=zP2EHun5m4GIJXkcl7I%2FROmlnfA%3D,大数据,数据处理和存储服务商,广东省,,股权融资,未披露,2021.05.11,http://vip.qimingpian.com/#/detailcom?src=magic&ticket=6fe11c2d70ba54b18e1697ae2b883f77&id=d680ab619ecb7273068e5b3cc908b2d4,"[{'investor': '江海盈科', 'detail': 'http://vip.qimingpian.com/#/detailorg?src=magic&ticket=55dacd87399b5324a821e6fdfe71be57&id=27cee0a1322ffe25799b6d774633f9a0', 'invest_type_name': '独投', 'invest_type': '4'}]",2
5,尚润置业,https://qmp.oss-cn-beijing.aliyuncs.com/uploadImg/202105/product609c93e3d7afa374046748.png?x-oss-process=style%2Fsmall&OSSAccessKeyId=LTAI2SRf7Sf1P5bU&Expires=1623570420&Signature=F8Pxnb5LK469eTK%2FBdxWtd%2Bg6D0%3D,房产家居,房地产开发商,贵州省,,股权融资,未披露,2021.05.11,http://vip.qimingpian.com/#/detailcom?src=magic&ticket=a6a2b2569e1c53b18e267e49f1e90e14&id=75179f53bbb98765f49b469a43c508b4,"[{'investor': '中国诚通', 'detail': 'http://vip.qimingpian.com/#/detailorg?src=magic&ticket=9285050302df561b8d8facc6d6504cde&id=9b9a624c3cada6a7392d973992cae78e', 'invest_type_name': '独投', 'invest_type': '4'}]",2
6,世纪新元商管,https://qmp.oss-cn-beijing.aliyuncs.com/uploadImg/202105/product609c93e392e1c413867604.png?x-oss-process=style%2Fsmall&OSSAccessKeyId=LTAI2SRf7Sf1P5bU&Expires=1623570420&Signature=5p4ac6QWb649RJwYzjORXXuuFM8%3D,企业服务,商业管理服务商,陕西省,,股权融资,未披露,2021.05.11,http://vip.qimingpian.com/#/detailcom?src=magic&ticket=8a1f6d7d5e125895b4b9171822773bd8&id=d5fd47f83d7834b6c6ea3d46fbc33541,"[{'investor': '长安信托', 'detail': 'http://vip.qimingpian.com/#/detailorg?src=magic&ticket=d24a04fb688456a8bfb36ee49faccee0&id=966129ad70abbd1cb3dcb069fae0d769', 'invest_type_name': '独投', 'invest_type': '4'}]",2
7,不急智能科技,https://qmp.oss-cn-beijing.aliyuncs.com/uploadImg/202105/product609c91846c561577517643.png?x-oss-process=style%2Fsmall&OSSAccessKeyId=LTAI2SRf7Sf1P5bU&Expires=1623570420&Signature=bCcOdFobKq8YP1Me1O9h3SU98UI%3D,人工智能,人工智能科技技术开发商,上海市,,股权融资,未披露,2021.05.11,http://vip.qimingpian.com/#/detailcom?src=magic&ticket=1dce86127f0d528eb1c9e8de6ec14ada&id=3e1c544b5b5c8605351ca42b35dffe93,"[{'investor': '天九投资', 'detail': 'http://vip.qimingpian.com/#/detailorg?src=magic&ticket=e96df45d490c513a94c6afe4b1e3484c&id=b0d9cce4cfe15329ce45c0dd35eff3d5', 'invest_type_name': '独投', 'invest_type': '4'}]",2
8,满屋家居,https://qmp.oss-cn-beijing.aliyuncs.com/uploadImg/202011/product5fa131520e2cc798052094.png?x-oss-process=style%2Fsmall&OSSAccessKeyId=LTAI2SRf7Sf1P5bU&Expires=1623570420&Signature=IwH9OVWnxy6kPnERREcvdoL%2BqBY%3D,VR/AR,整屋家居服务商,浙江省,,股权融资,未披露,2021.05.11,http://vip.qimingpian.com/#/detailcom?src=magic&ticket=dd887fac726658da92a7538caaf3e1c9&id=ba9cc9b7eb8313f4bbe23f2e1589ae67,"[{'investor': '紫金港资本', 'detail': 'http://vip.qimingpian.com/#/detailorg?src=magic&ticket=767abf1dbeef58c4a31efee426a9e1cc&id=399678ddaf12476f82f31ccf50a9b7a7', 'invest_type_name': '独投', 'invest_type': '4'}]",3
9,隆福电商,https://qmp.oss-cn-beijing.aliyuncs.com/uploadImg/202105/product609b8d80ad999416121465.png?x-oss-process=style%2Fsmall&OSSAccessKeyId=LTAI2SRf7Sf1P5bU&Expires=1623570420&Signature=2kj9IHXmbCLSyNR1DwxUHi127ws%3D,电子商务,日用百货电商服务商,广东省,,股权融资,未披露,2021.05.11,http://vip.qimingpian.com/#/detailcom?src=magic&ticket=71369a66acbf5c02baf00fe1c3f31d0c&id=6eeac4d603ca1c0a07a1b919608e739b,"[{'investor': '盘地集团', 'detail': 'http://vip.qimingpian.com/#/detailorg?src=magic&ticket=139f8e72c1e95cd3955737d509764fa5&id=0887d0340ea045716408a29619060ffd', 'invest_type_name': '独投', 'invest_type': '4'}]",0
10,伊品农业,https://qmp.oss-cn-beijing.aliyuncs.com/uploadImg/202105/product609b8d800454d933478240.png?x-oss-process=style%2Fsmall&OSSAccessKeyId=LTAI2SRf7Sf1P5bU&Expires=1623570420&Signature=A4RJPjdZR49rO1s%2BQ%2F%2Fo%2Fn5hq34%3D,农业,农业种植技术开发商,辽宁省,,股权融资,未披露,2021.05.11,http://vip.qimingpian.com/#/detailcom?src=magic&ticket=ec61085c31d05588bb3fda0340bf6486&id=9bc5538ed85ed8d35de7048953390da8,"[{'investor': '中国蓝田', 'detail': 'http://vip.qimingpian.com/#/detailorg?src=magic&ticket=c8eaf438a7de5c03818b892ae1ca922c&id=0c74d74e1bf81a8992141917bbc435fe', 'invest_type_name': '独投', 'invest_type': '4'}]",0
11,新鸥鹏,https://qmp.oss-cn-beijing.aliyuncs.com/uploadImg/202105/product609b2d69b6ced841201635.png?x-oss-process=style%2Fsmall&OSSAccessKeyId=LTAI2SRf7Sf1P5bU&Expires=1623570420&Signature=NF0PaLjot2gg3HRmK6gZEDBkoLM%3D,房产家居,物业管理服务商,海南省,,股权融资,未披露,2021.05.11,http://vip.qimingpian.com/#/detailcom?src=magic&ticket=c9238abed81258f5a15d58cf1adbcfa7&id=3a35db652b124b1953e23111494f33b2,"[{'investor': '北京民鸥创盈', 'detail': 'http://vip.qimingpian.com/#/detailorg?src=magic&ticket=8604fe7c429755fea95470374bd593a0&id=052018fe281f48b60f00ef4d3ca31305', 'invest_type_name': '独投', 'invest_type': '4'}]",0
12,均镱房地产,https://qmp.oss-cn-beijing.aliyuncs.com/uploadImg/202105/product609b2afe3e57b602494345.png?x-oss-process=style%2Fsmall&OSSAccessKeyId=LTAI2SRf7Sf1P5bU&Expires=1623570420&Signature=HhHBDEDMXa1vnVYpRxfi228i6Tg%3D,房产家居,房地产开发经营商,云南省,,股权融资,未披露,2021.05.11,http://vip.qimingpian.com/#/detailcom?src=magic&ticket=244c14dfa3f65012b380eb95936c3b77&id=cb8908c8781714b6abe62387f2514b44,"[{'investor': '中筹股份', 'detail': 'http://vip.qimingpian.com/#/detailorg?src=magic&ticket=d82302168cbd5525aadd6790d3e0aefc&id=5c7118ad821791df3fcb99b800577c11', 'invest_type_name': '独投', 'invest_type': '4'}]",0
13,翔益包装制品,https://qmp.oss-cn-beijing.aliyuncs.com/uploadImg/202105/product609b2afd4bfd7434009034.png?x-oss-process=style%2Fsmall&OSSAccessKeyId=LTAI2SRf7Sf1P5bU&Expires=1623570420&Signature=Ns4q1Tuptf9zA0BhMpsyNfWt%2BDM%3D,生产制造,食品用纸包装服务商,四川省,,股权融资,未披露,2021.05.11,http://vip.qimingpian.com/#/detailcom?src=magic&ticket=f7a8cbf65b9355afaaa3c2d9465a0901&id=6c3b1e7040cfb24a0a2bc64d4e2bbb52,"[{'investor': '再升科技', 'detail': 'http://vip.qimingpian.com/#/detailorg?src=magic&ticket=04923a8918ce520d9a82c702f35e9beb&id=356d5ccf80cb453edf8a3e5d4ddef7e0', 'invest_type_name': '独投', 'invest_type': '4'}]",0
14,路院文旅,https://qmp.oss-cn-beijing.aliyuncs.com/uploadImg/202105/product609b28a534163404988924.png?x-oss-process=style%2Fsmall&OSSAccessKeyId=LTAI2SRf7Sf1P5bU&Expires=1623570420&Signature=fuTo9%2Bn2oNz7CwaIV6PkTAWkY1Y%3D,旅游户外,文化旅游服务商,浙江省,,股权融资,未披露,2021.05.11,http://vip.qimingpian.com/#/detailcom?src=magic&ticket=b6f524772c5e52cd87c31a0620c6a557&id=4b8d2bed662428f92cf901553e3b0a6d,"[{'investor': '核心资本', 'detail': 'http://vip.qimingpian.com/#/detailorg?src=magic&ticket=83540d59e1a3568b9dc01cc8b0ce7403&id=40be5de0d2eadc623538572754fc5227', 'invest_type_name': '独投', 'invest_type': '4'}]",0
15,一丰立康医药,https://qmp.oss-cn-beijing.aliyuncs.com/uploadImg/202105/product609b2648899c9741529532.png?x-oss-process=style%2Fsmall&OSSAccessKeyId=LTAI2SRf7Sf1P5bU&Expires=1623570420&Signature=vk3nnuiMAoqOuvQMSuyLKp7Rkrc%3D,医疗健康,医疗器械与医药生产商,四川省,,股权融资,未披露,2021.05.11,http://vip.qimingpian.com/#/detailcom?src=magic&ticket=c05c311351f859e2ab45dc3b4a39ca3f&id=6ef3a5dc296ed59e4e1c8ab4b5433817,"[{'investor': '大参林', 'detail': 'http://vip.qimingpian.com/#/detailorg?src=magic&ticket=df93e7bf51bc5251bf03bae4eec9a743&id=32252ca7046f06a222a02df58b4c54e0', 'invest_type_name': '独投', 'invest_type': '4'}]",0
16,倒映有声,https://img1.qimingpian.cn/uploadImg/202105/609924de49ebb.png,人工智能,人工智能语音系统研发商,浙江省,,Pre-A轮,千万级人民币,2021.05.10,http://vip.qimingpian.com/#/detailcom?src=magic&ticket=56f8c2bcee95566991a575afb6614549&id=f7ea8d0da2ed3a7299784a772ef83c8b,"[{'investor': '中文在线', 'detail': 'http://vip.qimingpian.com/#/detailorg?src=magic&ticket=3be69a84264759f987a91346eed2dee2&id=79b8bf193586b1bddde879ce3cf89bad', 'invest_type_name': '独投', 'invest_type': '4'}]",5
17,萌兽医馆,https://qmp.oss-cn-beijing.aliyuncs.com/uploadImg/202008/product5f2bdbc9dbe6d493835542.png?x-oss-process=style%2Fsmall&OSSAccessKeyId=LTAI2SRf7Sf1P5bU&Expires=1623570420&Signature=hGSMw90YSzm9SJPI0%2Fu%2BTxWrc%2BU%3D,生活服务,宠物健康服务商,天津市,,战略融资,未披露,2021.05.10,http://vip.qimingpian.com/#/detailcom?src=magic&ticket=2a1328a1797e57f789f1adc1d5889e6c&id=1408b95b9730f5701a35dc90df315b65,"[{'investor': '58产业基金', 'detail': 'http://vip.qimingpian.com/#/detailorg?src=magic&ticket=e8741b8857d556999014514d3e24da95&id=bcb37d0c1163914194c675c5e22633d2', 'invest_type_name': '独投', 'invest_type': '4'}]",5
18,RCT STUDIO,https://img1.qimingpian.cn/uploadImg/202105/6098f752ee203.png,人工智能,AI娱乐交互科技服务商,北京市,,A+轮,未披露,2021.05.10,http://vip.qimingpian.com/#/detailcom?src=magic&ticket=b552c5df984258e48d4944110dd0d1cf&id=d5ef80d27b9ce31eefce0a6fb2911c6c,"[{'investor': 'Galaxy Interactive', 'detail': '', 'invest_type_name': '领投', 'invest_type': '1'}]",4
19,优粉吧,https://qmp.oss-cn-beijing.aliyuncs.com/uploadImg/201810/product5bcd78bb3ac68315191037.png?x-oss-process=style%2Fsmall&OSSAccessKeyId=LTAI2SRf7Sf1P5bU&Expires=1623570420&Signature=oJEjoeeT0ibFxLlLd8QTNJ6vDU0%3D,企业服务,新媒体营销推广服务商,浙江省,,B轮,数千万美元,2021.05.10,http://vip.qimingpian.com/#/detailcom?src=magic&ticket=746cf1d5465d5883a10a665c8ce22801&id=1ed34efe0811bcd3452a19322ab34c0d,"[{'investor': '小米集团', 'detail': 'http://vip.qimingpian.com/#/detailorg?src=magic&ticket=c21e1d8cc7635f2ba5b5f1c2b2c9dca1&id=ab5c7c7838df4368afdf9ea1171397cd', 'invest_type_name': '领投', 'invest_type': '1'}, {'investor': '雷石投资', 'detail': 'http://vip.qimingpian.com/#/detailorg?src=magic&ticket=a7cc6d236db453f88ac400960e2e9699&id=db1838825d9a2176b9bdd55d4da6d8ef', 'invest_type_name': '', 'invest_type': '0'}]",6
